-- MySQL dump 10.13  Distrib 8.0.23, for Win64 (x86_64)
--
-- Host: localhost    Database: freetuts
-- ------------------------------------------------------
-- Server version	8.0.23

/*!40101 SET @OLD_CHARACTER_SET_CLIENT=@@CHARACTER_SET_CLIENT */;
/*!40101 SET @OLD_CHARACTER_SET_RESULTS=@@CHARACTER_SET_RESULTS */;
/*!40101 SET @OLD_COLLATION_CONNECTION=@@COLLATION_CONNECTION */;
/*!50503 SET NAMES utf8 */;
/*!40103 SET @OLD_TIME_ZONE=@@TIME_ZONE */;
/*!40103 SET TIME_ZONE='+00:00' */;
/*!40014 SET @OLD_UNIQUE_CHECKS=@@UNIQUE_CHECKS, UNIQUE_CHECKS=0 */;
/*!40014 SET @OLD_FOREIGN_KEY_CHECKS=@@FOREIGN_KEY_CHECKS, FOREIGN_KEY_CHECKS=0 */;
/*!40101 SET @OLD_SQL_MODE=@@SQL_MODE, SQL_MODE='NO_AUTO_VALUE_ON_ZERO' */;
/*!40111 SET @OLD_SQL_NOTES=@@SQL_NOTES, SQL_NOTES=0 */;

--
-- Table structure for table `category`
--

DROP TABLE IF EXISTS `category`;
/*!40101 SET @saved_cs_client     = @@character_set_client */;
/*!50503 SET character_set_client = utf8mb4 */;
CREATE TABLE `category` (
  `id` char(36) NOT NULL,
  `created_at` timestamp NULL DEFAULT NULL,
  `updated_at` timestamp NULL DEFAULT NULL,
  `description` text,
  `is_menu` bit(1) DEFAULT NULL,
  `name` varchar(255) DEFAULT NULL,
  `order_num` int DEFAULT '1',
  `path` varchar(255) DEFAULT NULL,
  `slug` varchar(255) DEFAULT NULL,
  `parent_id` char(36) DEFAULT NULL,
  PRIMARY KEY (`id`),
  KEY `FK2y94svpmqttx80mshyny85wqr` (`parent_id`),
  CONSTRAINT `FK2y94svpmqttx80mshyny85wqr` FOREIGN KEY (`parent_id`) REFERENCES `category` (`id`)
) ENGINE=InnoDB DEFAULT CHARSET=utf8mb4 COLLATE=utf8mb4_0900_ai_ci;
/*!40101 SET character_set_client = @saved_cs_client */;

--
-- Dumping data for table `category`
--

LOCK TABLES `category` WRITE;
/*!40000 ALTER TABLE `category` DISABLE KEYS */;
INSERT INTO `category` VALUES ('04848f65-4782-4ecf-95fe-814269032c3a','2021-06-09 19:25:08','2021-06-09 19:25:08','<p>Trong phần này bạn sẽ được học kiến thức liên quan đến Javascript căn bản nằm trong chuyên mục Javascript, nếu có vấn đề thắc mắc thì hãy liên hệ admin để được hướng dẫn.</p>\r\n\r\n<p>Các bài viết được cập nhật liên tục, vì vậy hãy bookmark lại trên trình duyệt web để sau này khỏi mất công tìm kiếm nhé.</p>\r\n',NULL,'Javascript căn bản',1,'lap-trinh/web-frontend/hoc-javascript/javascript-can-ban','javascript-can-ban','948b2ea6-0523-4eaa-b01d-3c521fdc2fb1'),('19e15095-ffdb-4d6c-8675-1d6eed57f5fe','2021-06-09 18:54:02','2021-06-09 18:54:02',NULL,NULL,'Vòng lặp',2,'lap-trinh/programming/hoc-java/java-core',NULL,'cadf5c49-50cc-4ccb-9085-9ebbd125788e'),('35a56325-582f-4402-b81d-94e8769a2916','2021-06-09 18:54:02','2021-06-09 18:54:02',NULL,NULL,'Tổng quan',1,'lap-trinh/programming/hoc-java/java-core',NULL,'cadf5c49-50cc-4ccb-9085-9ebbd125788e'),('388f380d-3a18-498b-a7b6-c1c6573b5c69','2021-06-09 18:54:02','2021-06-09 18:54:02',NULL,NULL,'Collections',4,'lap-trinh/programming/hoc-java/java-core',NULL,'cadf5c49-50cc-4ccb-9085-9ebbd125788e'),('396921eb-6c05-4086-92ce-7c4234b6f594','2021-06-09 18:54:02','2021-06-09 18:54:02',NULL,NULL,'Cấu trúc điều khiển',3,'lap-trinh/programming/hoc-java/java-core',NULL,'cadf5c49-50cc-4ccb-9085-9ebbd125788e'),('418028f7-f96f-4bf9-9287-d3a251befe57','2021-06-09 18:40:42','2021-06-09 18:41:00','',_binary '','Khóa học tin học',1,'khoa-hoc/khoa-hoc-tin-hoc','khoa-hoc-tin-hoc','7b093707-bb04-4420-a613-dc5f39d97394'),('65ac6618-c372-4206-94ea-ec3edad870f0','2021-07-27 14:34:57','2021-07-27 15:35:27','Học HTML cơ bản đến nâng cao',_binary '\0','HTML',1,'lap-trinh/web-frontend/html','html','7a848bf3-cf97-4308-8b75-e46fbddfc4b0'),('6ee94dfd-938f-4fb0-837f-46e13b258afa','2021-06-09 18:31:52','2021-06-09 18:31:52','',_binary '','Lập trình',1,'lap-trinh','lap-trinh',NULL),('76f301ca-9517-4c00-a1ac-f76f9d2c1e75','2021-06-09 18:39:11','2021-06-09 18:39:34','Chuyên mục tổng hợp các bài viết về word, bạn có thể tham khảo và sử dụng tài liệu word hoàn toàn miễn phí.',_binary '','Học Word',1,'tin-hoc/hoc-word','hoc-word','a00b6422-14ee-4441-b08c-8d33fd2e72e3'),('7a848bf3-cf97-4308-8b75-e46fbddfc4b0','2021-06-09 18:34:02','2021-06-09 18:34:02','Chuyên mục tổng hợp các bài viết về web frontend, bạn có thể tham khảo và sử dụng tài liệu web frontend hoàn toàn miễn phí.',_binary '','Web Frontend',1,'lap-trinh/web-frontend','web-frontend','6ee94dfd-938f-4fb0-837f-46e13b258afa'),('7b093707-bb04-4420-a613-dc5f39d97394','2021-06-09 18:40:12','2021-06-09 18:40:12','',_binary '','Khóa học',1,'khoa-hoc','khoa-hoc',NULL),('7b64c77e-2643-4399-89aa-544c61fe2403','2021-06-09 18:49:20','2021-06-09 18:49:20','Chuyên mục tổng hợp các chủ đề học photoshop miễn phí, bạn có thể tham khảo và sử dụng tài liệu học photoshop mà tại đây.\r\n\r\nMình sẽ liên tục cập nhật các bài viết liên tục, bạn hãy chọn một series phù hợp với mình nhé. Hoặc có thể bắt đầu bằng series đầu tiên.',_binary '','Học Photoshop',1,'tin-hoc/hoc-photoshop','hoc-photoshop','a00b6422-14ee-4441-b08c-8d33fd2e72e3'),('88c11ad7-4682-4182-b731-ae053fffc497','2021-06-09 18:33:27','2021-06-09 18:33:27','Chuyên mục tổng hợp các bài viết về programming, bạn có thể tham khảo và sử dụng tài liệu programming hoàn toàn miễn phí.',_binary '','Programming',1,'lap-trinh/programming','programming','6ee94dfd-938f-4fb0-837f-46e13b258afa'),('8cb2d870-439b-43ff-b9b8-445d304ff909','2021-06-09 18:40:31','2021-06-09 18:40:31','',_binary '','Khóa học lập trình',1,'khoa-hoc/khoa-hoc-lap-trinh','khoa-hoc-lap-trinh','7b093707-bb04-4420-a613-dc5f39d97394'),('8d5f29d1-244e-49c6-bf1f-cf77bf4fbffe','2021-06-09 18:54:03','2021-06-09 18:54:03',NULL,NULL,'Thư viện quan trọng',1,NULL,NULL,'cadf5c49-50cc-4ccb-9085-9ebbd125788e'),('8f853727-4664-4efb-9fcd-4ed544aac976','2021-06-09 18:34:33','2021-06-09 18:34:33','Chuyên mục tổng hợp các chủ đề học java miễn phí, bạn có thể tham khảo và sử dụng tài liệu học java mà tại đây.\r\n\r\nMình sẽ liên tục cập nhật các bài viết liên tục, bạn hãy chọn một series phù hợp với mình nhé. Hoặc có thể bắt đầu bằng series đầu tiên.\r\n\r\n',_binary '','Học Java',1,'lap-trinh/programming/hoc-java','hoc-java','88c11ad7-4682-4182-b731-ae053fffc497'),('948b2ea6-0523-4eaa-b01d-3c521fdc2fb1','2021-06-09 19:23:28','2021-06-09 19:23:28','Chuyên mục tổng hợp các chủ đề học javascript miễn phí, bạn có thể tham khảo và sử dụng tài liệu học javascript mà tại đây.\r\n\r\nMình sẽ liên tục cập nhật các bài viết liên tục, bạn hãy chọn một series phù hợp với mình nhé. Hoặc có thể bắt đầu bằng series đầu tiên.',_binary '','Học Javascript',1,'lap-trinh/web-frontend/hoc-javascript','hoc-javascript','7a848bf3-cf97-4308-8b75-e46fbddfc4b0'),('9f3b4e59-97b6-4d6d-b74c-f9fa4d7755da','2021-06-09 19:25:09','2021-06-09 19:25:09',NULL,NULL,'DOM',3,'lap-trinh/web-frontend/hoc-javascript/javascript-can-ban',NULL,'04848f65-4782-4ecf-95fe-814269032c3a'),('a00b6422-14ee-4441-b08c-8d33fd2e72e3','2021-06-09 18:38:00','2021-06-09 18:38:00','Chia sẻ kiến thức tin học văn phòng hay nhất, tại đây bạn sẽ được học cách sử dụng các phần mềm trong tin học văn phòng như Word / Excel và các phần mềm khác.',_binary '','Tin học',1,'tin-hoc','tin-hoc',NULL),('cadf5c49-50cc-4ccb-9085-9ebbd125788e','2021-06-09 18:54:02','2021-06-09 18:54:59','<p>Trong phần này bạn sẽ được học kiến thức liên quan đến Java core nằm trong chuyên mục Java, nếu có vấn đề thắc mắc thì hãy liên hệ admin để được hướng dẫn.</p>\r\n\r\n<p>Các bài viết được cập nhật liên tục, vì vậy hãy bookmark lại trên trình duyệt web để sau này khỏi mất công tìm kiếm nhé.</p>\r\n',NULL,'Java core',1,'lap-trinh/programming/hoc-java/java-core','java-core','8f853727-4664-4efb-9fcd-4ed544aac976'),('d51580ed-2a03-4b1b-862a-1ba04dbdf639','2021-07-06 10:40:06','2021-07-06 10:40:06',NULL,NULL,'category name',NULL,NULL,NULL,NULL),('d81e452b-4f61-49c6-a4c4-09870eae8de2','2021-06-09 19:25:08','2021-06-09 19:25:08',NULL,NULL,'Phần cơ bản',1,'lap-trinh/web-frontend/hoc-javascript/javascript-can-ban',NULL,'04848f65-4782-4ecf-95fe-814269032c3a'),('ec6bc84b-e893-4508-95f7-66bcdcae149e','2021-06-09 19:25:08','2021-06-09 19:25:08',NULL,NULL,'Vòng lặp',2,'lap-trinh/web-frontend/hoc-javascript/javascript-can-ban',NULL,'04848f65-4782-4ecf-95fe-814269032c3a'),('f5f8890e-1f51-4d4f-9083-f9b8e051b219','2021-06-09 18:54:02','2021-06-09 18:54:02',NULL,NULL,'Chuỗi và Mảng',1,NULL,NULL,'cadf5c49-50cc-4ccb-9085-9ebbd125788e');
/*!40000 ALTER TABLE `category` ENABLE KEYS */;
UNLOCK TABLES;

--
-- Table structure for table `combo_courses`
--

DROP TABLE IF EXISTS `combo_courses`;
/*!40101 SET @saved_cs_client     = @@character_set_client */;
/*!50503 SET character_set_client = utf8mb4 */;
CREATE TABLE `combo_courses` (
  `course_id` char(36) NOT NULL,
  `combo_course_id` char(36) NOT NULL,
  KEY `FKr63c3tbw014lpbj54d1vss24a` (`combo_course_id`),
  KEY `FKnoj87deiji8av6vgumw77oigr` (`course_id`),
  CONSTRAINT `FKnoj87deiji8av6vgumw77oigr` FOREIGN KEY (`course_id`) REFERENCES `course` (`id`),
  CONSTRAINT `FKr63c3tbw014lpbj54d1vss24a` FOREIGN KEY (`combo_course_id`) REFERENCES `course` (`id`)
) ENGINE=InnoDB DEFAULT CHARSET=utf8mb4 COLLATE=utf8mb4_0900_ai_ci;
/*!40101 SET character_set_client = @saved_cs_client */;

--
-- Dumping data for table `combo_courses`
--

LOCK TABLES `combo_courses` WRITE;
/*!40000 ALTER TABLE `combo_courses` DISABLE KEYS */;
INSERT INTO `combo_courses` VALUES ('03add68f-72a2-4852-8e65-3735257c576c','a991861b-22fa-45dd-b954-c9ef6a9dd19b'),('03add68f-72a2-4852-8e65-3735257c576c','dbbb80db-64cc-4021-a70d-146c28d4f8ab'),('f90e7d33-3cf6-4951-9a03-0c69605454fc','4709d6a8-7ffe-432b-ba18-8c4983165cc2'),('f90e7d33-3cf6-4951-9a03-0c69605454fc','e4bdba2e-d757-43b2-8fb1-bdc8baf56451'),('620cbaef-26ef-486b-b6b3-e870c6208050','943028a5-ba62-40c8-97cf-8755076b964b'),('620cbaef-26ef-486b-b6b3-e870c6208050','fcf72fda-622e-4558-b3d8-441feb89af08'),('bf3f30fb-a35e-4afc-8166-dbfc9d44ee94','a991861b-22fa-45dd-b954-c9ef6a9dd19b'),('bf3f30fb-a35e-4afc-8166-dbfc9d44ee94','dbbb80db-64cc-4021-a70d-146c28d4f8ab'),('03add68f-72a2-4852-8e65-3735257c576c','a991861b-22fa-45dd-b954-c9ef6a9dd19b'),('03add68f-72a2-4852-8e65-3735257c576c','dbbb80db-64cc-4021-a70d-146c28d4f8ab'),('f90e7d33-3cf6-4951-9a03-0c69605454fc','4709d6a8-7ffe-432b-ba18-8c4983165cc2'),('f90e7d33-3cf6-4951-9a03-0c69605454fc','e4bdba2e-d757-43b2-8fb1-bdc8baf56451'),('620cbaef-26ef-486b-b6b3-e870c6208050','943028a5-ba62-40c8-97cf-8755076b964b'),('620cbaef-26ef-486b-b6b3-e870c6208050','fcf72fda-622e-4558-b3d8-441feb89af08'),('bf3f30fb-a35e-4afc-8166-dbfc9d44ee94','a991861b-22fa-45dd-b954-c9ef6a9dd19b'),('bf3f30fb-a35e-4afc-8166-dbfc9d44ee94','dbbb80db-64cc-4021-a70d-146c28d4f8ab');
/*!40000 ALTER TABLE `combo_courses` ENABLE KEYS */;
UNLOCK TABLES;

--
-- Table structure for table `coupon`
--

DROP TABLE IF EXISTS `coupon`;
/*!40101 SET @saved_cs_client     = @@character_set_client */;
/*!50503 SET character_set_client = utf8mb4 */;
CREATE TABLE `coupon` (
  `id` char(36) NOT NULL,
  `created_at` timestamp NULL DEFAULT NULL,
  `updated_at` timestamp NULL DEFAULT NULL,
  `code` varchar(255) DEFAULT NULL,
  `description` varchar(255) DEFAULT NULL,
  `expired` bit(1) NOT NULL,
  `url` varchar(255) DEFAULT NULL,
  `value` int DEFAULT NULL,
  PRIMARY KEY (`id`),
  UNIQUE KEY `UK_code` (`code`)
) ENGINE=InnoDB DEFAULT CHARSET=utf8mb4 COLLATE=utf8mb4_0900_ai_ci;
/*!40101 SET character_set_client = @saved_cs_client */;

--
-- Dumping data for table `coupon`
--

LOCK TABLES `coupon` WRITE;
/*!40000 ALTER TABLE `coupon` DISABLE KEYS */;
INSERT INTO `coupon` VALUES ('a563ac6a-bf6a-44c6-b92c-e896bdc61d19','2021-06-09 18:20:11','2021-06-09 18:20:11','KDATAFTT4','Giảm giá 30% dịch vụ Wordpress Hosting',_binary '\0','https://kdata.vn',30),('a912c00c-40c9-467f-9017-48f1db6d2899','2021-06-09 18:20:11','2021-06-09 18:20:11','TINO10','Giảm 10% khi đăng ký gói Cloud Hosting',_binary '\0','https://tinohost.com/',10),('dcc0c29a-cad1-49ad-906a-2af32cb769ce','2021-06-09 18:20:11','2021-06-09 18:20:11','VULTR20','Giảm 20% khi đăng ký gói Cloud Hosting, VPS',_binary '\0','https://www.vultr.com/',20);
/*!40000 ALTER TABLE `coupon` ENABLE KEYS */;
UNLOCK TABLES;

--
-- Table structure for table `course`
--

DROP TABLE IF EXISTS `course`;
/*!40101 SET @saved_cs_client     = @@character_set_client */;
/*!50503 SET character_set_client = utf8mb4 */;
CREATE TABLE `course` (
  `id` char(36) NOT NULL,
  `created_at` timestamp NULL DEFAULT NULL,
  `updated_at` timestamp NULL DEFAULT NULL,
  `course_link` varchar(255) DEFAULT NULL,
  `course_name` varchar(255) NOT NULL,
  `discount` int DEFAULT NULL,
  `link_name` varchar(255) DEFAULT NULL,
  `price` int NOT NULL,
  `study_method` int DEFAULT NULL,
  `type` int NOT NULL,
  PRIMARY KEY (`id`)
) ENGINE=InnoDB DEFAULT CHARSET=utf8mb4 COLLATE=utf8mb4_0900_ai_ci;
/*!40101 SET character_set_client = @saved_cs_client */;

--
-- Dumping data for table `course`
--

LOCK TABLES `course` WRITE;
/*!40000 ALTER TABLE `course` DISABLE KEYS */;
INSERT INTO `course` VALUES ('03add68f-72a2-4852-8e65-3735257c576c','2021-06-09 18:37:49','2021-06-09 18:37:49','http://fedu.vn/khoa-hoc/25-thiet-ke-hieu-ung-bang-javascript-va-illustrator?ref=206&utm_source=CuongNV_freetuts','Combo thiết kế hiệu ứng với Javascript và illustrator 1 và 2',20,'fedu.vn',299000,1,1),('2bb021cb-c2a1-4631-b639-8c05b045d9ba','2021-06-09 18:35:10','2021-06-09 18:35:10','http://fedu.vn/khoa-hoc/25-thiet-ke-hieu-ung-bang-javascript-va-illustrator?ref=206&utm_source=CuongNV_freetuts','Thiết kế hiệu ứng với Javascript và illustrator 4',10,'fedu.vn',230000,1,0),('4709d6a8-7ffe-432b-ba18-8c4983165cc2','2021-06-09 18:35:18','2021-06-09 18:35:18','http://fedu.vn/khoa-hoc/25-thiet-ke-hieu-ung-bang-javascript-va-illustrator?ref=206&utm_source=CuongNV_freetuts','Thiết kế hiệu ứng với Javascript và illustrator 6',10,'fedu.vn',230000,1,0),('620cbaef-26ef-486b-b6b3-e870c6208050','2021-06-09 18:39:12','2021-06-09 18:39:12','http://fedu.vn/khoa-hoc/25-thiet-ke-hieu-ung-bang-javascript-va-illustrator?ref=206&utm_source=CuongNV_freetuts','Combo thiết kế hiệu ứng với Javascript và illustrator 3',20,'fedu.vn',299000,1,1),('943028a5-ba62-40c8-97cf-8755076b964b','2021-06-09 18:34:19','2021-06-09 18:34:19','http://fedu.vn/khoa-hoc/25-thiet-ke-hieu-ung-bang-javascript-va-illustrator?ref=206&utm_source=CuongNV_freetuts','Thiết kế hiệu ứng với Javascript và illustrator',30,'fedu.vn',199000,1,0),('a991861b-22fa-45dd-b954-c9ef6a9dd19b','2021-06-09 18:34:38','2021-06-09 18:34:38','http://fedu.vn/khoa-hoc/25-thiet-ke-hieu-ung-bang-javascript-va-illustrator?ref=206&utm_source=CuongNV_freetuts','Thiết kế hiệu ứng với Javascript và illustrator 2',10,'fedu.vn',199000,1,0),('bf3f30fb-a35e-4afc-8166-dbfc9d44ee94','2021-06-09 20:33:51','2021-06-09 20:33:51',NULL,'Tu tao combo a991861b-22fa-45dd-b954-c9ef6a9dd19b,dbbb80db-64cc-4021-a70d-146c28d4f8ab',NULL,NULL,318400,NULL,3),('dbbb80db-64cc-4021-a70d-146c28d4f8ab','2021-06-09 18:34:26','2021-06-09 18:34:26','http://fedu.vn/khoa-hoc/25-thiet-ke-hieu-ung-bang-javascript-va-illustrator?ref=206&utm_source=CuongNV_freetuts','Thiết kế hiệu ứng với Javascript và illustrator 1',30,'fedu.vn',199000,1,0),('e4bdba2e-d757-43b2-8fb1-bdc8baf56451','2021-06-09 18:35:13','2021-06-09 18:35:13','http://fedu.vn/khoa-hoc/25-thiet-ke-hieu-ung-bang-javascript-va-illustrator?ref=206&utm_source=CuongNV_freetuts','Thiết kế hiệu ứng với Javascript và illustrator 5',10,'fedu.vn',230000,1,0),('f90e7d33-3cf6-4951-9a03-0c69605454fc','2021-06-09 18:38:38','2021-06-09 18:38:38','http://fedu.vn/khoa-hoc/25-thiet-ke-hieu-ung-bang-javascript-va-illustrator?ref=206&utm_source=CuongNV_freetuts','Combo thiết kế hiệu ứng với Javascript và illustrator 5 và 6',30,'fedu.vn',299000,1,1),('fcf72fda-622e-4558-b3d8-441feb89af08','2021-06-09 18:34:50','2021-06-09 18:34:50','http://fedu.vn/khoa-hoc/25-thiet-ke-hieu-ung-bang-javascript-va-illustrator?ref=206&utm_source=CuongNV_freetuts','Thiết kế hiệu ứng với Javascript và illustrator 3',10,'fedu.vn',230000,1,0);
/*!40000 ALTER TABLE `course` ENABLE KEYS */;
UNLOCK TABLES;

--
-- Table structure for table `dumb`
--

DROP TABLE IF EXISTS `dumb`;
/*!40101 SET @saved_cs_client     = @@character_set_client */;
/*!50503 SET character_set_client = utf8mb4 */;
CREATE TABLE `dumb` (
  `id` int NOT NULL,
  PRIMARY KEY (`id`)
) ENGINE=InnoDB DEFAULT CHARSET=utf8mb4 COLLATE=utf8mb4_0900_ai_ci;
/*!40101 SET character_set_client = @saved_cs_client */;

--
-- Dumping data for table `dumb`
--

LOCK TABLES `dumb` WRITE;
/*!40000 ALTER TABLE `dumb` DISABLE KEYS */;
/*!40000 ALTER TABLE `dumb` ENABLE KEYS */;
UNLOCK TABLES;

--
-- Table structure for table `flyway_schema_history`
--

DROP TABLE IF EXISTS `flyway_schema_history`;
/*!40101 SET @saved_cs_client     = @@character_set_client */;
/*!50503 SET character_set_client = utf8mb4 */;
CREATE TABLE `flyway_schema_history` (
  `installed_rank` int NOT NULL,
  `version` varchar(50) DEFAULT NULL,
  `description` varchar(200) NOT NULL,
  `type` varchar(20) NOT NULL,
  `script` varchar(1000) NOT NULL,
  `checksum` int DEFAULT NULL,
  `installed_by` varchar(100) NOT NULL,
  `installed_on` timestamp NOT NULL DEFAULT CURRENT_TIMESTAMP,
  `execution_time` int NOT NULL,
  `success` tinyint(1) NOT NULL,
  PRIMARY KEY (`installed_rank`),
  KEY `flyway_schema_history_s_idx` (`success`)
) ENGINE=InnoDB DEFAULT CHARSET=utf8mb4 COLLATE=utf8mb4_0900_ai_ci;
/*!40101 SET character_set_client = @saved_cs_client */;

--
-- Dumping data for table `flyway_schema_history`
--

LOCK TABLES `flyway_schema_history` WRITE;
/*!40000 ALTER TABLE `flyway_schema_history` DISABLE KEYS */;
INSERT INTO `flyway_schema_history` VALUES (1,'001','create category table','SQL','V001__create_category_table.sql',-668043363,'root','2021-07-01 14:39:33',124,1),(2,'002','create coupon table','SQL','V002__create_coupon_table.sql',936776465,'root','2021-07-01 15:01:49',118,1),(3,'003','create post table','SQL','V003__create_post_table.sql',1443138551,'root','2021-07-01 15:08:38',127,1),(4,'004','create course table','SQL','V004__create_course_table.sql',-415361408,'root','2021-07-01 15:22:21',94,1),(5,'005','create combo course table','SQL','V005__create_combo_course_table.sql',-648398861,'root','2021-07-01 15:22:21',131,1),(6,'006','create invoice table','SQL','V006__create_invoice_table.sql',1055332633,'root','2021-07-01 15:22:22',167,1),(7,'007','create report','SQL','V007__create_report.sql',-842518530,'root','2021-07-01 15:22:22',59,1),(8,'008','create user table','SQL','V008__create_user_table.sql',-1558638679,'root','2021-07-01 15:22:22',56,1),(9,'009','create role table','SQL','V009__create_role_table.sql',77167425,'root','2021-07-01 15:27:52',171,1),(10,'010','add column r detail to user role table','SQL','V010__add_column_r_detail_to_user_role_table.sql',1195900001,'root','2021-07-01 15:50:15',98,1),(11,'011','create user role table','SQL','V011__create_user_role_table.sql',-698749291,'root','2021-07-01 15:50:15',30,1),(12,'012','drop column r detail from role table','SQL','V012__drop_column_r_detail_from_role_table.sql',1763472562,'root','2021-07-01 15:53:57',169,1),(13,'013','insert role','SQL','V013__insert_role.sql',1534601920,'root','2021-07-02 01:27:38',9,1),(14,'101','create dumb table','SQL','V101__create_dumb_table.sql',260655890,'root','2021-07-02 09:05:26',166,1),(15,'101','create dumb table','DELETE','V101__create_dumb_table.sql',260655890,'root','2021-07-05 14:26:56',0,1),(16,'014','create dumb table','SQL','V014__create_dumb_table.sql',260655890,'root','2021-07-05 14:30:46',68,1);
/*!40000 ALTER TABLE `flyway_schema_history` ENABLE KEYS */;
UNLOCK TABLES;

--
-- Table structure for table `invoice`
--

DROP TABLE IF EXISTS `invoice`;
/*!40101 SET @saved_cs_client     = @@character_set_client */;
/*!50503 SET character_set_client = utf8mb4 */;
CREATE TABLE `invoice` (
  `id` char(36) NOT NULL,
  `created_at` timestamp NULL DEFAULT NULL,
  `updated_at` timestamp NULL DEFAULT NULL,
  `email` varchar(255) NOT NULL,
  `facebook` varchar(255) NOT NULL,
  `full_name` varchar(255) NOT NULL,
  `payment_detail` varchar(255) DEFAULT NULL,
  `payment_method` int NOT NULL,
  `phone` varchar(255) NOT NULL,
  `status` int NOT NULL,
  `total_price` double NOT NULL,
  `course_id` char(36) DEFAULT NULL,
  PRIMARY KEY (`id`),
  KEY `course_id` (`course_id`),
  CONSTRAINT `invoice_ibfk_1` FOREIGN KEY (`course_id`) REFERENCES `course` (`id`)
) ENGINE=InnoDB DEFAULT CHARSET=utf8mb4 COLLATE=utf8mb4_0900_ai_ci;
/*!40101 SET character_set_client = @saved_cs_client */;

--
-- Dumping data for table `invoice`
--

LOCK TABLES `invoice` WRITE;
/*!40000 ALTER TABLE `invoice` DISABLE KEYS */;
INSERT INTO `invoice` VALUES ('04dcda99-5bd8-4487-8dee-e9bf4489d8d1','2021-06-09 20:34:18','2021-06-09 20:34:18','phatnguyen2499@gmail.com','http://localhost:8080/freetuts-frontend/khoa-hoc/thiet-ke-hieu-ung-voi-javascript-va-illustrator.html','phat.nguyen','',1,'0839685018',0,207000,'2bb021cb-c2a1-4631-b639-8c05b045d9ba'),('2b623309-8207-4ae7-b452-b1d4be3927ef','2021-06-09 20:33:52','2021-06-09 20:33:52','phatnguyen2499@gmail.com','http://localhost:8080/freetuts-frontend/khoa-hoc/thiet-ke-hieu-ung-voi-javascript-va-illustrator.html','phat.nguyen','',1,'0839685018',0,318400,'bf3f30fb-a35e-4afc-8166-dbfc9d44ee94'),('abeedb91-55f2-4543-97a4-ad2b96d01903','2021-06-09 19:16:20','2021-06-09 19:16:20','thuyduong991234@gmail.com','https://www.facebook.com/profile.php?id=100011077957594','Dương Thị Thu Thủy','',1,'0396501282',0,139300,'943028a5-ba62-40c8-97cf-8755076b964b');
/*!40000 ALTER TABLE `invoice` ENABLE KEYS */;
UNLOCK TABLES;

--
-- Table structure for table `post`
--

DROP TABLE IF EXISTS `post`;
/*!40101 SET @saved_cs_client     = @@character_set_client */;
/*!50503 SET character_set_client = utf8mb4 */;
CREATE TABLE `post` (
  `id` char(36) NOT NULL,
  `created_at` timestamp NULL DEFAULT NULL,
  `updated_at` timestamp NULL DEFAULT NULL,
  `content` text,
  `excerpt` text,
  `order_num` int DEFAULT '1',
  `path` varchar(255) DEFAULT NULL,
  `post_type` varchar(255) DEFAULT NULL,
  `postable_id` char(36) DEFAULT NULL,
  `slug` varchar(255) DEFAULT NULL,
  `status` int DEFAULT NULL,
  `thumbnail` varchar(255) DEFAULT NULL,
  `title` varchar(255) DEFAULT NULL,
  `type` varchar(255) DEFAULT NULL,
  `category_id` char(36) DEFAULT NULL,
  PRIMARY KEY (`id`),
  KEY `category_id` (`category_id`),
  CONSTRAINT `post_ibfk_1` FOREIGN KEY (`category_id`) REFERENCES `category` (`id`)
) ENGINE=InnoDB DEFAULT CHARSET=utf8mb4 COLLATE=utf8mb4_0900_ai_ci;
/*!40101 SET character_set_client = @saved_cs_client */;

--
-- Dumping data for table `post`
--

LOCK TABLES `post` WRITE;
/*!40000 ALTER TABLE `post` DISABLE KEYS */;
INSERT INTO `post` VALUES ('172cac5b-174f-456e-ba65-fdfea39ef866','2021-06-09 18:34:33','2021-06-09 18:34:33',NULL,NULL,1,NULL,'CATEGORY','8f853727-4664-4efb-9fcd-4ed544aac976',NULL,NULL,NULL,NULL,'THREAD',NULL),('1a5c483c-2b49-4d51-9708-9e5e673393dd','2021-06-09 18:42:47','2021-06-09 18:42:47','<h2>1. Ký hiệu toán học trong Word là gì?</h2>\r\n\r\n<p>Ký hiệu toán học là những ký hiệu công thức trong toán học. Đây không phải là những ký hiệu bình thường nên không được hỗ trợ trên bàn phím, thay vào đó bạn phải sử dụng công cụ Equation của Word để làm.</p>\r\n\r\n<p>Có rất nhiều ký hiệu như:</p>\r\n\r\n<ul>\r\n	<li>Căn bậc.</li>\r\n	<li>Lũy thừa.</li>\r\n	<li>Hàm số.</li>\r\n	<li>Ký hiệu PI</li>\r\n	<li>Số mũ</li>\r\n	<li>... và rất nhiều ký hiệu khác đều được hỗ trợ trong Word.</li>\r\n</ul>\r\n\r\n<h2>2. Cách tạo ký hiệu toán học trong Word bằng công cụ Equation</h2>\r\n\r\n<p>Ở hầu hết các phiên bản thì công cụ này sẽ nằm trong tab Insert. Vì vậy để thêm một ký hiệu nào đó thì bạn hãy thực hiện các bước như sau:</p>\r\n\r\n<p><strong>Bước 1</strong>: Mở công cụ Equation bằng cách click vào Insert -&gt; Equation.</p>\r\n\r\n<p><img alt=\"equation 1 JPG\" src=\"https://freetuts.net/upload/tut_post/images/2021/05/03/3686/equation-1.JPG\" /></p>\r\n\r\n<p><strong>Bước 2</strong>: Sau khi click chọn mục Equation thì bạn hãy chọn loại ký hiệu muốn thêm nằm trong bảng danh sách các ký hiệu của công cụ này.</p>\r\n\r\n<p>Advertisement</p>\r\n\r\n<p><img alt=\"equation 2 JPG\" src=\"https://freetuts.net/upload/tut_post/images/2021/05/03/3686/equation-2.JPG\" /></p>\r\n\r\n<p>Có nhiều mục cho bạn chọn như:</p>\r\n\r\n<ul>\r\n	<li><strong>Fraction&nbsp;</strong>là nơi chứa các ký hiệu thập phân.</li>\r\n	<li><strong>Script&nbsp;</strong>là nơi chứa ký hiệu lũy thừa.</li>\r\n	<li><strong>Redical&nbsp;</strong>là nơi chứa ký hiệu căn thức.</li>\r\n	<li><strong>Large Operator</strong>&nbsp;là các ký hiệu lớn như tính giới hạn, lim, ...</li>\r\n	<li><strong>Function&nbsp;</strong>là nơi chứa ký hiệu về hàm lượng giác.</li>\r\n	<li>Dấu gần bằng trong Word cũng nằm trong mục&nbsp;<strong>symbols</strong></li>\r\n</ul>\r\n\r\n<p>Và còn rất nhiều ký hiệu khác, bạn hãy mày mò và tìm hiểu nhé.</p>\r\n\r\n<p><strong>Bước 3</strong>: Sau khi chọn xong thì hãy nhập nội dung công thức vào nhé. Như hình dưới đây làm mình nhập giá trị 20/46.</p>\r\n\r\n<p><img alt=\"2o 46 JPG\" src=\"https://freetuts.net/upload/tut_post/images/2021/05/03/3686/2o-46.JPG\" /></p>\r\n\r\n<p>Như vậy là mình đã giới thiệu xong cách sử dụng các ký hiệu toán học trong Word. Đây là cách bạn nhập các công thức toán học, các bài giải về toán học, giúp bài soạn trở nên trong sáng và rạch ròi hơn.</p>\r\n','Bài này chia sẻ cách thêm các ký tự toán học trong Word.\r\n\r\nBạn có thể áp dụng cho các phiên bản như Word 2010, Word 2013, Word 2019 và phiên bản mới nhất hiện tại.',1,NULL,'POST',NULL,'cach-them-ky-hieu-toan-hoc-trong-word-2010---2021',1,'/CKFinderJava/userfiles/images/thu-thuat-word_330x220.jpg','Cách thêm ký hiệu toán học trong Word 2010 - 2021',NULL,'76f301ca-9517-4c00-a1ac-f76f9d2c1e75'),('1e64ee0d-5e3f-44cc-bb13-04608983b974','2021-06-09 18:33:27','2021-06-09 18:33:27',NULL,NULL,1,NULL,'CATEGORY','88c11ad7-4682-4182-b731-ae053fffc497',NULL,NULL,NULL,NULL,'TOPIC',NULL),('20b656f9-430b-422f-8114-c381cec2c479','2021-06-09 18:51:56','2021-06-09 18:51:56','','Đây là khóa học \"Thiết kế hiệu ứng với Javascript và illustrator\", bạn sẽ được học online trên website fedu.vn, thuộc chuyên mục khóa học lập trình',1,NULL,'COURSE','943028a5-ba62-40c8-97cf-8755076b964b','thiet-ke-hieu-ung-voi-javascript-va-illustrator',1,'/CKFinderJava/userfiles/files/thiet-ke-hieu-ung.jpg','Thiết kế hiệu ứng với Javascript và illustrator',NULL,'8cb2d870-439b-43ff-b9b8-445d304ff909'),('21c3b566-1d2e-41b5-b95c-044f69939a94','2021-06-09 19:06:59','2021-06-09 19:06:59','','Đây là khóa học \"Thiết kế hiệu ứng với Javascript và illustrator\", bạn sẽ được học online trên website fedu.vn, thuộc chuyên mục khóa học lập trình.\r\n\r\nBạn có thể tham khảo đề cương khóa học ở phần nội dung khóa học, hoặc truy cập vào link gốc mà mình đã cung cấp dưới đây.',1,NULL,'COURSE','03add68f-72a2-4852-8e65-3735257c576c','combo-thiet-ke-hieu-ung-voi-javascript-va-illustrator-1-va-2',1,'/CKFinderJava/userfiles/images/thiet-ke-hieu-ung.jpg','Combo thiết kế hiệu ứng với Javascript và illustrator 1 và 2',NULL,'8cb2d870-439b-43ff-b9b8-445d304ff909'),('236e4f67-9f9d-40d6-99fb-c14ff60fb9fe','2021-06-09 18:54:02','2021-06-09 18:54:59',NULL,NULL,1,NULL,'CATEGORY','cadf5c49-50cc-4ccb-9085-9ebbd125788e',NULL,NULL,'/CKFinderJava/userfiles/images/java.jpg',NULL,'SERIES',NULL),('306a43f9-6d65-4910-aa83-7b238587604c','2021-06-09 19:32:08','2021-06-09 19:32:08','<p>1. Một số cách sử dụng vòng lặp for trong javascript<br />\r\nLặp với bước nhảy tăng 1 đơn vị: XEM DEMO</p>\r\n\r\n<p>1<br />\r\n2<br />\r\n3<br />\r\n4<br />\r\n5<br />\r\n6<br />\r\nvar i;<br />\r\n// Lặp 10 lần từ 0 -&gt; 9<br />\r\n// Bước nhảy là i++ nên sau mỗi lần lặp i tăng lên 1 đơn vị<br />\r\nfor (i = 0; i &lt; 10; i++){<br />\r\n&nbsp; &nbsp; document.write(i + \'&lt;br/&gt;\');<br />\r\n}<br />\r\nLặp với bước nhay giảm 1 đơn vị: XEM DEMO</p>\r\n\r\n<p>Advertisement<br />\r\n&nbsp;<br />\r\n1<br />\r\n2<br />\r\n3<br />\r\n4<br />\r\n5<br />\r\n6<br />\r\nvar i;<br />\r\n// Lặp 10 lần từ 10 -&gt; 1<br />\r\n// Bước nhảy là i-- nên sau mỗi lần lặp i sẽ giảm 1 đơn vị<br />\r\nfor (i = 10; i &gt; 0; i--){<br />\r\n&nbsp; &nbsp; document.write(i + \'&lt;br/&gt;\');<br />\r\n}<br />\r\nLặp với bước nhay tăng N đơn vị: XEM DEMO</p>\r\n\r\n<p>1<br />\r\n2<br />\r\n3<br />\r\n4<br />\r\n5<br />\r\n6<br />\r\nvar i;<br />\r\nvar n = 2;<br />\r\n// Lặp 5 lần từ 0 -&gt; 8, bước nhảy là 2<br />\r\nfor (i = 0; i &lt; 10; i+=n){<br />\r\n&nbsp; &nbsp; document.write(i + \'&lt;br/&gt;\');<br />\r\n}<br />\r\nLặp với bước nhảy giảm N đơn vị: XEM DEMO</p>\r\n\r\n<p>1<br />\r\n2<br />\r\n3<br />\r\n4<br />\r\n5<br />\r\n6<br />\r\nvar i;<br />\r\nvar n = 2;<br />\r\n// Lặp 5 lần từ 10 -&gt; 2, bước nhảy là -2<br />\r\nfor (i = 10; i &gt; 0; i-=n){<br />\r\n&nbsp; &nbsp; document.write(i + \'&lt;br/&gt;\');<br />\r\n}<br />\r\nKhai báo biến lặp (i) ngay trong vòng lặp:</p>\r\n\r\n<p>Ngoài cách khai báo biến (i) ở ngoài vòng lặp thì ta có thể khai báo trong vòng lặp như ví dụ sau đây:</p>\r\n\r\n<p>1<br />\r\n2<br />\r\n3<br />\r\nfor (var i = 0; i &lt; 10; i++){<br />\r\n&nbsp; &nbsp; document.write(i + \'&lt;br/&gt;\');<br />\r\n}<br />\r\nAdvertisement<br />\r\n&nbsp;<br />\r\n2. Lặp vô hạn với vòng lặp for trong javascript<br />\r\nKhi sử dụng vòng lặp for khí khi lặp vô hạn hơn vòng lặp while, do while. Tuy nhiên nếu bạn dùng sai thì sẽ dẫn đến lặp vô hạn đấy</p>\r\n\r\n<p>Dưới đây là một ví dụ lặp vô hạn:</p>\r\n\r\n<p>1<br />\r\n2<br />\r\n3<br />\r\nfor (var i = 0; i &lt; 10; i--){<br />\r\n&nbsp; &nbsp; document.write(i + \'&lt;br/&gt;\');<br />\r\n}<br />\r\nTa thấy bước nhảy là i-- tức là sau mỗi vòng lặp sẽ giảm - xuống 1 đơn vị trong khi điều kiện dừng là i &gt;= 10, rõ ràng điều kiện này sẽ không bao giờ đúng nên vòng lặp dẫn đến lặp vô hạn.</p>\r\n\r\n<p>3. Vòng lặp for lồng nhau trong javascript<br />\r\nKhái niệm vòng lặp lồng nhau cũng giống như câu lệnh if else lồng nhau vậy thôi, nghĩa là vòng lặp sẽ nằm trong vòng lặp. Cấu trúc của nó như sau:</p>\r\n\r\n<p>1<br />\r\n2<br />\r\n3<br />\r\n4<br />\r\n5<br />\r\n6<br />\r\nfor (var i = 0; i &lt; 10; i++)<br />\r\n{<br />\r\n&nbsp; &nbsp; for (var j = 0; j &lt; 10; j++){<br />\r\n&nbsp; &nbsp; &nbsp; &nbsp; // Statment<br />\r\n&nbsp; &nbsp; }<br />\r\n}<br />\r\nCó một điều lưu ý là hai biến điều khiển vòng lặp phải khác nhau nhé, trong ví dụ trên mình dùng i cho vòng lặp ở ngoài và j cho vòng lặp con phía trong.</p>\r\n\r\n<p>Ví dụ: Viết chương trình in ra một ma trận 10x10</p>\r\n\r\n<p>Advertisement<br />\r\n&nbsp;<br />\r\nXEM DEMO</p>\r\n\r\n<p>1<br />\r\n2<br />\r\n3<br />\r\n4<br />\r\n5<br />\r\n6<br />\r\n7<br />\r\n8<br />\r\n9<br />\r\nfor (var i = 0; i &lt;= 9; i++)<br />\r\n{<br />\r\n&nbsp; &nbsp; for (var j = 0; j &lt;= 9; j++){<br />\r\n&nbsp; &nbsp; &nbsp; &nbsp; // In ra vị trí của ma trận [i][j]<br />\r\n&nbsp; &nbsp; &nbsp; &nbsp; document.write(\"([\"+i+\"][\"+j+\"])\");<br />\r\n&nbsp; &nbsp; }<br />\r\n&nbsp; &nbsp; // Xuống hàng<br />\r\n&nbsp; &nbsp; document.write(\"&lt;br/&gt;\");<br />\r\n}<br />\r\n4. Lời kết<br />\r\nVòng lặp for khá là đơn giản nên các bạn dễ dàng nắm bắt phải không nào, nó cũng giống như các ngôn ngữ lập trình khác thôi nên để hiểu nó không phức tạp. Hy vọng qua bài vòng lặp for này sẽ giúp bạn học thêm được nhiều điều hơn. Chúc các bạn học tốt.</p>\r\n','Vòng lặp for trong javascript thường dùng để lặp một mảng hoặc một khoảng (min max) nào đó nhằm mục đích xử lý giải quyết vấn đề cho bài toán, vì ta đang học căn bản nên trong bài này mình chỉ làm những bài tập đơn giản liên quan đến mảng trong javascript thôi nhé. ',1,NULL,'LESSON',NULL,'vong-lap-for-trong-javascript',1,'/CKFinderJava/userfiles/images/thiet-ke-website-1.jpg','Vòng lặp for trong javascript',NULL,'ec6bc84b-e893-4508-95f7-66bcdcae149e'),('35e4f1cd-9f3d-4710-9f3a-1e6a96c7c559','2021-06-09 19:23:28','2021-06-09 19:23:28',NULL,NULL,NULL,NULL,'CATEGORY','948b2ea6-0523-4eaa-b01d-3c521fdc2fb1',NULL,NULL,NULL,NULL,'THREAD',NULL),('3e9f1ece-dd21-415a-b363-5388f61c5e30','2021-06-09 19:26:27','2021-06-09 19:26:53','<p>1. DOM là gì?<br />\r\nDOM là viết tắt của chữ Document Object Model, dịch tạm ra là mô hình các đối tượng trong tài liệu HTML.&nbsp;</p>\r\n\r\n<p>Như các bạn biết trong mỗi thẻ HTML sẽ có những thuộc tính (Properties) và có phân cấp cha - con với các thẻ HTML khác. Sự phân cấp và các thuộc tính của thẻ HTML này ta gọi là selector và trong DOM sẽ có nhiệm vụ xử lý các vấn đề như đổi thuộc tính của thẻ, đổi cấu trúc HTML của thẻ, ...</p>\r\n\r\n<p>Bạn có thể tham khảo hình vẽ dưới đây để hiểu rõ hơn về DOM.</p>\r\n\r\n<p>html-tree.gif</p>\r\n\r\n<p>Trong hình thì tất cả các thẻ HTML sẽ được quản lý trong đối tượng document, thẻ cao nhất là thẻ html, tiếp theo là phân nhánh body và head. Bên trong head thì có những thẻ như style, title, ... và bên trong body thì là vô số các thẻ HTML khác.</p>\r\n\r\n<p>Như vậy trong Javascript để thao tác với các thẻ HTML ta phải thông qua đối tượng document nhé các bạn, để cho nóng thì mình làm một ví dụ trước rồi tìm hiểu sau :D.</p>\r\n\r\n<p>Advertisement<br />\r\n&nbsp;<br />\r\nVí dụ: XEM DEMO</p>\r\n\r\n<p>&lt;html&gt;<br />\r\n&nbsp; &lt;body&gt;<br />\r\n&nbsp; &nbsp; &lt;h1 id=\"main-content\"&gt;&lt;/h1&gt;<br />\r\n&nbsp; &nbsp; &lt;script language=\"javascript\"&gt;<br />\r\n&nbsp; &nbsp; &nbsp; document.getElementById(\"main-content\").innerHTML = \"Chào mừng các bạn đến với website học lập trình online freetuts.net\"<br />\r\n&nbsp; &nbsp; &lt;/script&gt;<br />\r\n&nbsp; &lt;/body&gt;<br />\r\n&lt;/html&gt;</p>\r\n','Javascript là một ngôn ngữ được sử dụng trong các trình duyệt Browser nên nó đóng một vai trò khá quan trọng trong các ứng dụng website. Và nhiệm vụ của Javascript là thao tác với các tài liệu HTML kết hợp với các cú pháp riêng của nó để tạo nên sự ảo diệu của trang web.\r\n\r\nĐể thao tác được với các thẻ HTML thì nó phải thông qua một cơ chế ta gọi là DOM và ta hay gọi là Document Object Model. Vậy thì DOM là gì thì chúng ta cùng tì hiểu nó nhé.',1,NULL,'LESSON',NULL,'dom-la-gi',1,'/CKFinderJava/userfiles/images/thiet-ke-website-1.jpg','DOM là gì? Các loại DOM trong Javascript',NULL,'9f3b4e59-97b6-4d6d-b74c-f9fa4d7755da'),('3ef5fece-c9d0-4b00-a1f4-0fb097ec3713','2021-06-09 18:40:12','2021-06-09 18:40:12',NULL,NULL,1,NULL,'CATEGORY','7b093707-bb04-4420-a613-dc5f39d97394',NULL,NULL,NULL,NULL,'USUAL',NULL),('5418b529-6e5e-4c76-8d3e-d3559b575aab','2021-06-09 18:56:48','2021-06-09 18:57:13','<h2>1. Java là gì?</h2>\r\n\r\n<p>Java là một ngôn ngữ lập lập trình, được phát triển&nbsp;bởi&nbsp;<strong>Sun Microsystem</strong>&nbsp;vào năm 1995,&nbsp;là ngôn ngữ kế thừa trực tiếp từ C/C++ và là một ngôn ngữ lập trình hướng đối tượng.</p>\r\n\r\n<p>Advertisement</p>\r\n\r\n<p>Vì sao ngôn ngữ này lại được đặt tên là Java? Java là tên một hòn đảo ở Indonesia - hòn đảo nổi tiếng với loại coffee Peet và cũng là loại nước uống phổ biến của các kỹ sư Sun. Ban đầu Ngôn ngữ này được đặt tên là \"<em>Oak</em>\" (<em>có nghĩa là \"Cây sồi\" - 1991</em>), nhưng các luật sư của Sun xác định rằng tên đó đã được đăng ký nhãn hiệu nên các nhà phát triển đã phải thay thế bằng một tên mới - &nbsp;và cũng vì lý do trên mà cái tên Java đã ra đời và trở thành tên gọi chính thức của Ngôn ngữ này - Ngôn ngữ Lập trình Java.&nbsp;</p>\r\n\r\n<h2>2. Ứng dụng của Java</h2>\r\n\r\n<p>Ngày nay Java được sử&nbsp;dụng với các mục đích sau:</p>\r\n\r\n<ul>\r\n	<li>Phát triển ứng dụng cho các thiết bị điện tử thông minh, các ứng dụng cho doanh nghiệp với quy mô lớn.</li>\r\n	<li>Tạo các trang web có nội dung động&nbsp;<em>(web applet</em>), nâng cao chức năng của server.</li>\r\n	<li>Phát triển nhiều loại ứng dụng khác nhau: Cơ sở dữ liệu, mạng, Internet, viễn thông, giải trí,...</li>\r\n</ul>\r\n\r\n<h2>3. Những đặc điểm cơ bản của Java</h2>\r\n\r\n<p>Tiêu chí hàng đầu của Ngôn ngữ Lập trình Java là&nbsp;<strong>\"Write Once, Run Anywhere\"</strong>&nbsp;(<em>Viết một lần, chạy mọi nơi</em>), nghĩa là Java cho phép chúng ta viết code một lần và thực thi được trên các hệ điều hành khác nhau. Ví dụ, chúng ta viết code trên Hệ điều hành Windows và nó có thể thực thi được trên các Hệ điều hành Linux và Mac OS...</p>\r\n\r\n<p>Với đặc điểm nổi bật đó, Java có những đặc điểm cơ bản như sau:</p>\r\n\r\n<ul>\r\n	<li>Đơn giản và quen thuộc: Vì Java kế thừa trực tiếp từ C/C++ nên nó có những đặc điểm của ngôn ngữ này, Java đơn giản vì mặc dù dựa trên cơ sở C++ nhưng Sun đã cẩn thận lược bỏ các tính năng khó nhất của của C++ để làm cho ngôn ngữ này dễ sử dụng hơn.</li>\r\n	<li>Hướng đối tượng và quen thuộc.</li>\r\n	<li>Mạnh mẽ&nbsp;<em>(thể hiện ở cơ chế tự động thu gom rác - Garbage Collection</em>)&nbsp;và an toàn.</li>\r\n	<li>Kiến trúc trung lập, độc lập nền tảng&nbsp;và có tính khả chuyển (<em>Portability</em>).</li>\r\n	<li>Hiệu suất cao.</li>\r\n	<li>Máy ảo (biên dịch và thông dịch).</li>\r\n	<li>Phân tán.</li>\r\n	<li>Đa nhiệm: Ngôn ngữ Java cho phép xâ dựng trình ứng dụng, trong đó nhiều quá trình có thể xảy ra đồng thời. Tính đa nhiệm&nbsp;cho phép các&nbsp;nhà lập trình có thể biên soạn phần mềm đáp ứng tốt hơn, tương tác tốt hơn và thực hiện theo thời gian thực.</li>\r\n	<li>...</li>\r\n</ul>\r\n\r\n<h2>4. Các platform cơ bản của Java.</h2>\r\n\r\n<p>Java Platform gồm có 3 thành phần chính:</p>\r\n\r\n<ul>\r\n	<li>Java Virtual Machine (<em>Java VM</em>): Máy ảo Java.</li>\r\n	<li>Java Application Programming Interface (<em>Java API</em>).</li>\r\n	<li>Java Development Kit (<em>JDK</em>) gồm trình biên dịch, thông dịch, trợ giúp, soạn tài liệu... và các thư viện chuẩn.</li>\r\n</ul>\r\n\r\n<p><img alt=\"cac flatform cua java png\" src=\"https://freetuts.net/upload/tut_post/images/2017/09/11/1023/cac-flatform-cua-java.png\" /></p>\r\n\r\n<p>Advertisement</p>\r\n\r\n<h2>5. Tiêu chuẩn của một môi trường Java điển hình.</h2>\r\n\r\n<p>Thông thường, các chương trình Java trải qua 5 giai đoạn chính:</p>\r\n\r\n<ul>\r\n	<li><strong>Editor</strong>: Lập trình viên viết chương trình và được lưu vào máy tính với định dạng .java.</li>\r\n	<li><strong>Compiler</strong>: Biên dịch chương trình thành bytecodes (<em>định dạng .class</em>) - nhờ bước trung gian này mà Java được viết 1 lần và chạy trên các hệ điều hành khác nhau.</li>\r\n	<li><strong>Class Loader</strong>: Đọc file .class&nbsp;chứa mã&nbsp;bytecodes và lưu&nbsp;vào trong bộ nhớ.</li>\r\n	<li><strong>Bytecode Verifier</strong>: Đảm bảo rằng mã bytecodes là hợp lệ và không vi phạm các vấn đề về bảo mật của Java.</li>\r\n	<li><strong>Intepreter</strong>: Biên dịch bytecodes thành mã máy để máy tính có thể hiểu được và sau đó thực thi chương trình.</li>\r\n</ul>\r\n\r\n<p><img alt=\"typical java environment jpg\" src=\"https://freetuts.net/upload/tut_post/images/2017/09/11/1023/typical-java-environment.jpg\" /></p>\r\n\r\n<h2>6. Lời kết.</h2>\r\n\r\n<p>Trong bài này chúng ta đã tìm hiểu được các khái niệm ban đầu, đặc điểm và tầm quan trọng của Ngôn ngữ Lập trình Java. Sang bài sau, mình sẽ giới thiệu đến các bạn các bước ban đầu để tiến hành lập trình với Java - đó là tìm hiểu về cách cài đặt Java, cấu hình biến môi trường cho Java và các bước cài đặt và cấu hình Eclipse. Các bạn theo dõi nhé!</p>\r\n','rong bài đầu tiên về series tự học Java cơ bản (Java Core) này, chúng ta sẽ lần lượt tìm hiểu về khái niệm Java là gì, sự hình thành của ngôn ngữ này, vì sao ngôn ngữ này lại được đặt tên là Java? Bên cạnh đó, bài viết này cũng sẽ lần lượt giới thiệu những đặc điểm cơ bản và ứng dụng của ngôn ngữ Java và các Platform cơ bản của ngôn ngữ lập trình Java.',1,NULL,'LESSON',NULL,'java-la-gi',1,'/CKFinderJava/userfiles/images/thiet-ke-website-1.jpg','Java là gì? Giới thiệu ngôn ngữ Java',NULL,'35a56325-582f-4402-b81d-94e8769a2916'),('5795a2cd-c652-44c4-ae9e-25f2f8def581','2021-06-09 19:25:08','2021-06-09 19:25:08',NULL,NULL,NULL,NULL,'CATEGORY','04848f65-4782-4ecf-95fe-814269032c3a',NULL,NULL,'/CKFinderJava/userfiles/images/javascript-can-ban.gif',NULL,'SERIES',NULL),('5a3d9847-c3ed-4810-8c5c-807d06d1a50c','2021-06-09 18:52:21','2021-06-09 18:52:21','','Đây là khóa học \"Thiết kế hiệu ứng với Javascript và illustrator\", bạn sẽ được học online trên website fedu.vn, thuộc chuyên mục khóa học lập trình',1,NULL,'COURSE','dbbb80db-64cc-4021-a70d-146c28d4f8ab','thiet-ke-hieu-ung-voi-javascript-va-illustrator-1',1,'/CKFinderJava/userfiles/files/thiet-ke-hieu-ung.jpg','Thiết kế hiệu ứng với Javascript và illustrator 1',NULL,'8cb2d870-439b-43ff-b9b8-445d304ff909'),('688e2382-e54c-4fdc-b15b-9803af00308b','2021-06-09 19:31:05','2021-06-09 19:33:49','<p>1. Javascript là gì?<br />\r\nJavascript là một ngôn ngữ lập trình kịch bản dựa vào đối tượng phát triển có sẵn hoặc tự định nghĩa ra, javascript được sử dụng rộng rãi trong các ứng dụng Website. Javascript được hỗ trợ hầu như trên tất cả các trình duyệt như Firefox, Chrome, ... thậm chí các trình duyệt trên thiết bị di động cũng có hỗ trợ.</p>\r\n\r\n<p>Nếu bạn đã biết qua về HTML5 thì bạn thấy có các khái niệm như sessionStore hay localStore, đây là hai đối tượng được tạo nên từ Javascript nên rõ ràng trong HTML5 cũng có sử dụng nó. Với những ứng dụng đó thì bạn thấy javascript không thể chết trong các ứng dụng website được.</p>\r\n\r\n<p>Hay thậm chí có những ứng dụng Webgame người ta sử dụng javascript để xử lý các thao tác trên Client, nếu không có nó thì thông thường chọn Flash để xây dựng nhưng lại gặp vấn đề load chậm nên có một số người chọn Javascript để làm.</p>\r\n\r\n<p>2. Các thư viện Javascript đình đám hiện nay<br />\r\nNhững ứng dụng to lớn của Javascript khiến người ta không thể quên nó được. Hiện nay có rất nhiều libraries và framework được viết từ Javascript như:</p>\r\n\r\n<p>AngularJS: Một thư viện dùng để xây dựng ứng dụng Single Page<br />\r\nNodeJS: Một thư viện được phát triển phía Server dùng để xây dựng ứng dụng realtime<br />\r\nSencha Touch: Một Framework dùng để xây dựng ứng dụng Mobile<br />\r\nExtJS: Một Framework dùng xây dựng ứng dụng quản lý (Web Applications)<br />\r\njQuery: Một thư viện rất mạnh về hiểu ứng<br />\r\nReactJS: Một thư viện viết ứng dụng mobie<br />\r\nVà còn nhiều thư viện khác<br />\r\nCòn rất rất nhiều nhưng mình chỉ liệt kê bấy nhieu thôi nhé devil</p>\r\n\r\n<p>4. Viết chương trình javascript đầu tiên<br />\r\nBước đầu tiên để học Javascript là bạn phải chuẩn bị một phần mềm để viết mã Javascript, mình thì thích dùng Netbeans nhưng nếu bạn là người mới thì nên sử dụng Notepad++ vì nó rất nhẹ và dễ cài đặt.</p>\r\n\r\n<p>Advertisement<br />\r\n&nbsp;<br />\r\nQua khái niệm javascript là gì? thì bạn thấy tất cả các trình duyệt đều hỗ trợ nên ta không cần phải download thư viện gì cả mà thông qua những đoạn mã script giúp trình duyệt nhận diện được đó là Javascript.</p>\r\n\r\n<p>Cặp thẻ mở và thẻ đóng<br />\r\nTất cả những đoạn mã Javascript đều phải đặt trong cặp thẻ mở &lt;script&gt; và thẻ đóng &lt;/script&gt;, ví dụ:</p>\r\n\r\n<p>Cặp thẻ script<br />\r\n&lt;script language=\"javascript\"&gt;<br />\r\n&nbsp; &nbsp; alert(\"Hello World!\");<br />\r\n&lt;/script&gt;<br />\r\nĐặt thẻ script ở đâu?<br />\r\nChúng ta có ba cách đặt thường được sử dụng sau đây:</p>\r\n\r\n<p>Cách 1: Internal - viết trong file html hiện tại</p>\r\n\r\n<p>Thông thường chúng ta sẽ viết những đoạn mã javascript trên phần head, tuy nhiên đó không phải là điều kiện bắt buộc, nghĩa là bạn có thể đặt ở đâu tùy thích miễn là những đoạn mã đó phải được bao lại bằng thẻ script.</p>\r\n\r\n<p>Ví dụ đặt trong thẻ head<br />\r\n&lt;html&gt;<br />\r\n&nbsp; &nbsp; &lt;head&gt;<br />\r\n&nbsp; &nbsp; &nbsp; &nbsp; &lt;title&gt;&lt;/title&gt;<br />\r\n&nbsp; &nbsp; &nbsp; &nbsp; &lt;script language=\"javascript\"&gt;<br />\r\n&nbsp; &nbsp; &nbsp; &nbsp; &nbsp; &nbsp; alert(\"Hello World!\");<br />\r\n&nbsp; &nbsp; &nbsp; &nbsp; &lt;/script&gt;<br />\r\n&nbsp; &nbsp; &lt;/head&gt;<br />\r\n&nbsp; &nbsp; &lt;body&gt;<br />\r\n&nbsp; &nbsp; &nbsp; &nbsp;&nbsp;<br />\r\n&nbsp; &nbsp; &lt;/body&gt;<br />\r\n&lt;/html&gt;</p>\r\n','Trong loạt series này chúng ta sẽ tìm hiểu ngôn ngữ Javascript từ căn bản đến nâng cao nhằm giúp các bạn newbie hoặc những bạn đã có kiến thức Javascript rồi nhưng muốn học để bổ trợ thêm. Vì dạng viết text nên nội dung sẽ hơi khó diễn tả và khó trình bày nên các bạn cố gắng đọc từng chữ và thực hành theo demo nhé.\r\n\r\nTrong bài này chúng ta sẽ tìm hiểu khái niệm Javascript là gì? ứng dụng của Javscript trong thực tế và viết một ứng dụng javascript đầu tay. Điều kiện tiên quyết để học ngôn ngữ này là bạn phải biết một số ngôn ngữ khác như PHP, C++, C nhé.',1,NULL,'LESSON',NULL,'javascript-la-gi',1,'/CKFinderJava/userfiles/images/thiet-ke-website-1.jpg','Javascript là gì? Viết ứng dụng Javascript đầu tiên',NULL,'d81e452b-4f61-49c6-a4c4-09870eae8de2'),('68c2ef83-a634-4215-b51e-46b1e99b7bad','2021-06-09 18:53:33','2021-06-09 18:53:33','','',1,NULL,'COURSE','2bb021cb-c2a1-4631-b639-8c05b045d9ba','thiet-ke-hieu-ung-voi-javascript-va-illustrator-4',1,'/CKFinderJava/userfiles/files/thiet-ke-hieu-ung.jpg','Thiết kế hiệu ứng với Javascript và illustrator 4',NULL,'8cb2d870-439b-43ff-b9b8-445d304ff909'),('6a12e77e-5327-4373-8851-d28aba3fb74e','2021-06-09 18:51:10','2021-06-09 18:51:10','<p>Dưới đây là phần tổng hợp những bài viết đó, bạn thích phiên bản nào thì tải về và sử dụng nhé.</p>\r\n\r\n<ul>\r\n	<li><a href=\"https://freetuts.net/download-photoshop-cs3-day-du-tinh-nang-dung-luong-chi-48mb-897.html\" target=\"_blank\">Photoshop CS3</a></li>\r\n	<li><a href=\"https://freetuts.net/photoshop-cs6-2756.html\" target=\"_blank\">Photoshop CS6</a></li>\r\n	<li><a href=\"https://freetuts.net/download-adobe-photoshop-cc-2017-phan-mem-chinh-sua-anh-tot-nhat-the-gioi-979.html\" target=\"_blank\">Photoshop CC 2017</a></li>\r\n	<li><a href=\"https://freetuts.net/download-adobe-photoshop-cc-2020-2992.html\" target=\"_blank\">Photoshop CC 2020</a>&nbsp;(<em>nên dùng</em>)</li>\r\n	<li><a href=\"https://freetuts.net/download-photoshop-2021-3235.html\" target=\"_blank\">Photoshop CC 2021</a></li>\r\n</ul>\r\n\r\n<p>Theo mình thì bạn nên sử dụng phiên bản mới nhất bởi nó có nhiều tính năng nhất. hãy click vào link và xem chi tiết cách cài đặt nhé.</p>\r\n\r\n<p>Trong series này mình sử dụng Photoshop CC 2020 nhé cả nhà.</p>\r\n','Trong bài thứ hai này mình sẽ hướng dẫn các bạn cách cài đặt Photoshop trên máy tính cá nhân để phục vụ cho việc học Photoshop.\r\n\r\nNhư mình đã trình bài ở các bài trước, hiện nay Photoshop có rất nhiều phiên bản khác nhau, vì vậy mỗi phiên bản mình sẽ viết riêng một bài hướng dẫn.',1,NULL,'POST',NULL,'huong-dan-cai-đat-photoshop-cac-phien-ban',1,'/CKFinderJava/userfiles/images/photoshop-la-gi.jpg','Hướng dẫn cài đặt Photoshop các phiên bản',NULL,'7b64c77e-2643-4399-89aa-544c61fe2403'),('6d032ad5-461b-486f-b770-3feb414fb299','2021-06-09 18:49:20','2021-06-09 18:49:20',NULL,NULL,1,NULL,'CATEGORY','7b64c77e-2643-4399-89aa-544c61fe2403',NULL,NULL,NULL,NULL,'USUAL',NULL),('7ae1ac35-487d-494d-ad25-4709a3931144','2021-06-09 18:39:11','2021-06-09 18:39:11',NULL,NULL,1,NULL,'CATEGORY','76f301ca-9517-4c00-a1ac-f76f9d2c1e75',NULL,NULL,NULL,NULL,'USUAL',NULL),('87a703a1-9562-4399-be84-e7ed5cfc8eff','2021-06-09 18:52:45','2021-06-09 18:52:45','','Đây là khóa học \"Thiết kế hiệu ứng với Javascript và illustrator\", bạn sẽ được học online trên website fedu.vn, thuộc chuyên mục khóa học lập trình',1,NULL,'COURSE','a991861b-22fa-45dd-b954-c9ef6a9dd19b','thiet-ke-hieu-ung-voi-javascript-va-illustrator-2',1,'/CKFinderJava/userfiles/files/thiet-ke-hieu-ung.jpg','Thiết kế hiệu ứng với Javascript và illustrator 2',NULL,'8cb2d870-439b-43ff-b9b8-445d304ff909'),('8c9f5e1a-f4a8-403e-956f-a46072841039','2021-06-09 18:31:52','2021-06-09 18:31:52',NULL,NULL,1,NULL,'CATEGORY','6ee94dfd-938f-4fb0-837f-46e13b258afa',NULL,NULL,NULL,NULL,'USUAL',NULL),('8febac7d-eb9f-44dc-b924-0bc67342abad','2021-06-09 18:44:09','2021-06-09 18:44:09','<h2>1. Chèn ảnh có sẵn trong máy tính ( Chèn ảnh Offline )</h2>\r\n\r\n<h3>Cách 1: Sử dụng thanh công cụ</h3>\r\n\r\n<p><strong>Bước 1:&nbsp;</strong>Bấm&nbsp;<strong>Insert</strong>&nbsp;trên thanh công cụ.</p>\r\n\r\n<p><strong>Bước 2:&nbsp;</strong>Bấm vào&nbsp;<strong>Pictures.</strong></p>\r\n\r\n<p><img alt=\"chen anh vao word 2020 1 jpg\" src=\"https://freetuts.net/upload/tut_post/images/2020/08/15/2885/chen-anh-vao-word-2020-1.jpg\" /></p>\r\n\r\n<p><strong>Bước 3:</strong>&nbsp;Chọn đường dẫn tới ảnh muốn chèn.</p>\r\n\r\n<p>Advertisement</p>\r\n\r\n<p>Click chuột trái vào ảnh -&gt; Bấm&nbsp;<strong>Insert</strong>.</p>\r\n\r\n<p><img alt=\"chen anh vao word 2020 2 jpg\" src=\"https://freetuts.net/upload/tut_post/images/2020/08/15/2885/chen-anh-vao-word-2020-2.jpg\" /></p>\r\n\r\n<h3>Cách 2: Sử dụng thao tác kéo thả</h3>\r\n\r\n<p><strong>Bước 1:</strong>&nbsp;Mở thư mục chứa ảnh.</p>\r\n\r\n<p><strong>Bước 2:</strong>&nbsp;Dùng chuột trái kéo ảnh vào ứng dụng Word. Thao tác cực kỳ đơn giản và nhanh chóng, bạn cũng có thể chọn nhiều ảnh một lúc rồi kéo vào nhé.</p>\r\n\r\n<p><img alt=\"chen anh vao word 2020 5 1 jpg\" src=\"https://freetuts.net/upload/product_series/images/2020/08/15/988/chen-anh-vao-word-2020-5-1.jpg\" /></p>\r\n\r\n<h2>2. Chèn ảnh từ Internet (Chèn ảnh Online)</h2>\r\n\r\n<p><strong>Bước 1:</strong>&nbsp;Bấm&nbsp;<strong>Online Pictures</strong>&nbsp;trên thanh công cụ.</p>\r\n\r\n<p><img alt=\"chen anh vao word 2020 6 jpg\" src=\"https://freetuts.net/upload/tut_post/images/2020/08/15/2885/chen-anh-vao-word-2020-6.jpg\" /></p>\r\n\r\n<p><strong>Bước 2:</strong>&nbsp;Trong ô tìm kiếm bạn gõ chủ đề muốn tìm, trình tìm kiếm từ Bing.</p>\r\n\r\n<p><img alt=\"chen anh vao word 2020 7 jpg\" src=\"https://freetuts.net/upload/tut_post/images/2020/08/15/2885/chen-anh-vao-word-2020-7.jpg\" /></p>\r\n\r\n<p><strong>Bước 3:&nbsp;</strong>Chuột trái vào ảnh muốn chèn -&gt; Click<strong>&nbsp;Insert.</strong></p>\r\n\r\n<p><img alt=\"chen anh vao word 2020 8 jpg\" src=\"https://freetuts.net/upload/tut_post/images/2020/08/15/2885/chen-anh-vao-word-2020-8.jpg\" /></p>\r\n\r\n<h2>3. Một số cách định dạng ảnh cơ bản</h2>\r\n\r\n<h3>1. Format Object</h3>\r\n\r\n<p>Chuột phải vào ảnh muốn định dạng chọn&nbsp;<strong>Format Object</strong>&nbsp;-&gt; Bạn có thể tùy chỉnh ảnh với các lựa trong trong mục Format Picture bao gồm các thuộc tính như&nbsp;<em>Shadow, Reflection, Glow, Soft Edges...</em></p>\r\n\r\n<p><img alt=\"chen anh vao word 2020 tao hieu ung cho anh 1 jpg\" src=\"https://freetuts.net/upload/tut_post/images/2020/08/15/2885/chen-anh-vao-word-2020-tao-hieu-ung-cho-anh-1.jpg\" /></p>\r\n\r\n<p>Advertisement</p>\r\n\r\n<h3>2. Tùy chỉnh cách hiển thị hình ảnh</h3>\r\n\r\n<p>Chuột phải vào ảnh -&gt; Bấm vào Warp Text -&gt; Chọn một trong các thuộc tính như In Line With Text, Square, Tight...</p>\r\n\r\n<p>Như ví dụ dưới đây mình đang thiết lập thuộc tính&nbsp;<em>Through.</em></p>\r\n\r\n<p><img alt=\"chen anh vao word 2020 tao hieu ung cho anh 2 jpg\" src=\"https://freetuts.net/upload/tut_post/images/2020/08/15/2885/chen-anh-vao-word-2020-tao-hieu-ung-cho-anh-2.jpg\" /></p>\r\n\r\n<p>Ví dụ bên dưới mình thiết lập thuộc tính&nbsp;<strong>Warp Text</strong>&nbsp;là&nbsp;<em>Behind Text.</em></p>\r\n\r\n<p><img alt=\"chen anh vao word 2020 tao hieu ung cho anh 3 jpg\" src=\"https://freetuts.net/upload/tut_post/images/2020/08/15/2885/chen-anh-vao-word-2020-tao-hieu-ung-cho-anh-3.jpg\" /></p>\r\n\r\n<h2>4. Kết luận</h2>\r\n\r\n<p>Bài hướng dẫn cách chèn ảnh vào Word đơn giản nhất của mình đến đây là kết thúc, hy vọng với những chia sẻ trên giúp bạn có thể chèn ảnh vào Word 2019 một cách nhanh chóng nhất có thể. Nếu trong quá trình thao tác có bất kỳ vướng mắc gì hãy để lại comment, mình sẽ giải đáp nhanh nhất có thể. Chúc các bạn thành công!</p>\r\n','Trong bài này mình sẽ hướng dẫn các bạn một số cách chèn ảnh vào Word 2019 cực kì đơn giản, bạn có thể áp dụng để xử lý văn bản tốt hơn.\r\n\r\nMicrosoft Word là phần mềm soạn thảo văn bản thông dụng nhất trên máy tính. Các công ty, cơ quan nhà nước cho đến các trường học đều sử dụng phần mềm này.Chèn ảnh vào Word là một thao tác hết sức dễ dàng, tuy nhiên không phải ai cũng biết cách chèn nhanh. Vì vậy trong bài viết này mình sẽ hướng dẫn bạn chèn ảnh vào Word nhanh chóng, cũng như giới thiệu một số cách định dạng hình ảnh trong word.\r\n\r\n* Lưu ý: Bài này mình sử dụng phiên bản Word 2019.',1,NULL,'POST',NULL,'nhung-cach-chen-anh-vao-word-2019-đon-gian-nhat',1,'/CKFinderJava/userfiles/images/thu-thuat-word_330x220.jpg','Những cách chèn ảnh vào Word 2019 đơn giản nhất',NULL,'76f301ca-9517-4c00-a1ac-f76f9d2c1e75'),('9398c86f-971e-42ce-86ea-796db48aebb1','2021-06-09 18:40:42','2021-06-09 18:40:42',NULL,NULL,1,NULL,'CATEGORY','418028f7-f96f-4bf9-9287-d3a251befe57',NULL,NULL,NULL,NULL,'USUAL',NULL),('9b5a45f9-0c3a-460d-af4b-cc882ad2cb5d','2021-06-09 18:47:46','2021-06-09 18:48:22','<h2>I. Style là gì?</h2>\r\n\r\n<p><strong>Style&nbsp;</strong>là chức năng giúp người dùng tạo ra những định dạng có sẵn về&nbsp;<em>kiểu chữ, cỡ chữ, màu sắc, ...&nbsp;</em>được áp dụng đối với một phần văn bản trong tài liệu của bạn. Các phần văn bản khác khi áp dụng cùng một Style trong cùng 1 theme sẽ có định dạng giống nhau</p>\r\n\r\n<p>Khi bạn sử dụng Style, tài liệu của bạn sẽ thông nhất định dạng cho các văn bản, nhìn sẽ chuyên nghiệp hơn đặc biệt bạn sẽ tiết kiệm được thời gian kha khá khi định dạng nội dung văn bản. Ngoài ra, bạn cũng có thể sử dụng các Style khác nhau để thay đổi một vài thứ cần thiết trong tài liệu một cách nhanh chóng trong cùng một lúc.</p>\r\n\r\n<h2>I. Cách sử dụng Styles trong Word 2016</h2>\r\n\r\n<p>Dưới đây là những cách sử dụng Styles cơ bản trong Word 2016, mời bạn cùng theo dõi:</p>\r\n\r\n<p>1.&nbsp;Áp dụng Style cho một văn bản</p>\r\n\r\n<p>Để áp dụng Style cho một văn bản, bạn thực hiện theo các bước sau:</p>\r\n\r\n<p>Advertisement</p>\r\n\r\n<p><strong>Bước 1:&nbsp;</strong>Đầu tiên, bạn cần chọn văn bản bạn muốn định dạng hoặc đặt con trỏ ở đầu dòng.</p>\r\n\r\n<p><img alt=\"cach su dung style trong word 2016 PNG\" src=\"https://freetuts.net/upload/tut_post/images/2020/02/28/2212/cach-su-dung-style-trong-word-2016.PNG\" /></p>\r\n\r\n<p><strong>Bước 2:&nbsp;</strong>Tiếp đến, bạn di chuyển chuột đến nhóm<strong>&nbsp;Styles</strong>&nbsp;trên tab<strong>&nbsp;Home</strong>&nbsp;(<em>Trang chủ</em>) rồi bấm vào mũi tên thả xuống&nbsp;<strong>More</strong>&nbsp;(Thêm).</p>\r\n\r\n<p><img alt=\"cach su dung style trong word 2016 1 PNG\" src=\"https://freetuts.net/upload/tut_post/images/2020/02/28/2212/cach-su-dung-style-trong-word-2016-1.PNG\" /></p>\r\n\r\n<p><strong>Bước 3:&nbsp;</strong>Lúc này rất nhiều Style khác nhau sẽ hiện ra, bạn hãy chọn một Style mà mình mong muốn.</p>\r\n\r\n<p><img alt=\"cach su dung style trong word 2016 2 PNG\" src=\"https://freetuts.net/upload/tut_post/images/2020/02/28/2212/cach-su-dung-style-trong-word-2016-2.PNG\" /></p>\r\n\r\n<p><strong>Bước 4:</strong>&nbsp;Sau khi hoàn thành thì văn bản sẽ xuất hiện trong Style mà bạn đã chọn.</p>\r\n\r\n<p><img alt=\"cach su dung style trong word 2016 3 PNG\" src=\"https://freetuts.net/upload/tut_post/images/2020/02/28/2212/cach-su-dung-style-trong-word-2016-3.PNG\" /></p>\r\n\r\n<h3>2. Áp dụng một bộ Style</h3>\r\n\r\n<p>Một bộ Style là sự kết hợp của rất nhiều yếu tố khác nhau đó là: tiêu đề, tiêu đề và kiểu đoạn văn. Bộ Style cho phép bạn định dạng tất cả các thành phần trong tài liệu của mình cùng một lúc thay vì sửa đổi từng thành phần riêng biệt.</p>\r\n\r\n<p>Cách áp dụng một bộ Style được thực hiện như sau:</p>\r\n\r\n<p><strong>Bước 1:&nbsp;</strong>Điều hướng đến tab&nbsp;<strong>Design</strong>&nbsp;(<em>Thiết kế</em>), sau đó bấm vào mũi tên&nbsp;<strong>More</strong>&nbsp;(<em>Thêm</em>) từ menu thả xuống trong nhóm<strong>&nbsp;Document Formatting</strong>&nbsp;(<em>Định dạng Tài liệu</em>).</p>\r\n\r\n<p><img alt=\"cach su dung style trong word 2016 4 PNG\" src=\"https://freetuts.net/upload/tut_post/images/2020/02/28/2212/cach-su-dung-style-trong-word-2016-4.PNG\" /></p>\r\n\r\n<p><strong>Bước 2:&nbsp;</strong>Tiến hành chọn 1 bộ Style mong muốn từ menu thả xuống.</p>\r\n\r\n<p>Advertisement</p>\r\n\r\n<p><img alt=\"cach su dung style trong word 2016 5 PNG\" src=\"https://freetuts.net/upload/tut_post/images/2020/02/28/2212/cach-su-dung-style-trong-word-2016-5.PNG\" /></p>\r\n\r\n<p><strong>Bước 3:</strong>&nbsp;Lúc này, bộ Style đã chọn sẽ được áp dụng cho toàn bộ tài liệu của bạn.</p>\r\n\r\n<p><img alt=\"cach su dung style trong word 2016 6 PNG\" src=\"https://freetuts.net/upload/tut_post/images/2020/02/28/2212/cach-su-dung-style-trong-word-2016-6.PNG\" /></p>\r\n\r\n<h3>3. Thay đổi Style</h3>\r\n\r\n<p>Nếu bạn muốn thay đổi Style thì nên làm theo cách sau:</p>\r\n\r\n<p><strong>Bước 1:&nbsp;</strong>Đầu tiên, bạn cần xác định vị trí và nhấp chuột phải vào Style mà bạn muốn thay đổi trong nhóm Styles, sau đó chọn<strong>&nbsp;Modify</strong>&nbsp;(<em>Sửa đổi</em>) từ menu thả xuống.</p>\r\n\r\n<p><img alt=\"cach su dung style trong word 2016 7 PNG\" src=\"https://freetuts.net/upload/tut_post/images/2020/02/28/2212/cach-su-dung-style-trong-word-2016-7.PNG\" /></p>\r\n\r\n<p><strong>Bước 2:</strong>&nbsp;Lúc này, một hộp thoại mới sẽ xuất hiện. Bạn tiến hành thực hiện các thay đổi định dạng mong muốn, chẳng hạn như kiểu phông chữ, kích thước và màu sắc. Nếu muốn, bạn cũng có thể thay đổi tên của Style. Sau đó, nhấn vào<strong>&nbsp;OK</strong>&nbsp;để lưu các thay đổi của bạn.</p>\r\n\r\n<p><img alt=\"cach su dung style trong word 2016 8 PNG\" src=\"https://freetuts.net/upload/tut_post/images/2020/02/28/2212/cach-su-dung-style-trong-word-2016-8.PNG\" /></p>\r\n\r\n<p><strong>Bước 3:&nbsp;</strong>Sau khi hoàn thành xong các bước trên thì Style sẽ được thay đổi.</p>\r\n\r\n<p><img alt=\"cach su dung style trong word 2016 9 PNG\" src=\"https://freetuts.net/upload/tut_post/images/2020/02/28/2212/cach-su-dung-style-trong-word-2016-9.PNG\" /></p>\r\n\r\n<p>Advertisement</p>\r\n\r\n<p><strong>Lưu ý:&nbsp;</strong>Khi bạn sửa đổi một Style, đồng nghĩa với việc bạn sẽ thay đổi mọi cách thể hiện của Style đó trong tài liệu. Trong ví dụ dưới đây, mình đã sửa đổi&nbsp;<strong>style Normal&nbsp;</strong>để sử dụng cỡ chữ lớn hơn. Vì cả hai đoạn đều sử dụng style Normal, chúng đã được cập nhật tự động để sử dụng kích thước mới.</p>\r\n\r\n<p><img alt=\"cach su dung style trong word 2016 10 PNG\" src=\"https://freetuts.net/upload/tut_post/images/2020/02/28/2212/cach-su-dung-style-trong-word-2016-10.PNG\" /></p>\r\n\r\n<h3>4. Tạo một Style mới</h3>\r\n\r\n<p>Cách tạo một Style mới cũng rất đơn giản, bạn chỉ cần thực hiện theo những bước bên dưới đây:</p>\r\n\r\n<p><strong>Bước 1:</strong>&nbsp;Di chuyển chuột đến góc dưới bên phải của nhóm Style và nhấp vào mũi tên ở góc đó.</p>\r\n\r\n<p><img alt=\"cach su dung style trong word 2016 11 PNG\" src=\"https://freetuts.net/upload/tut_post/images/2020/02/28/2212/cach-su-dung-style-trong-word-2016-11.PNG\" /></p>\r\n\r\n<p><strong>Bước 2</strong>: Tại đây, các khung tác vụ Styles sẽ xuất hiện, bạn hãy chọn nút&nbsp;<strong>New Style&nbsp;</strong>(<em>Kiểu mới</em>) ở dưới cùng của ngăn tác vụ.</p>\r\n\r\n<p><img alt=\"cach su dung style trong word 2016 12 PNG\" src=\"https://freetuts.net/upload/tut_post/images/2020/02/28/2212/cach-su-dung-style-trong-word-2016-12.PNG\" /></p>\r\n\r\n<p><strong>Bước 3:</strong>&nbsp;Một hộp thoại sẽ xuất hiện. bạn tiến hành nhập tên cho Style, chọn định dạng văn bản mong muốn sau đó bấm&nbsp;<strong>OK</strong>&nbsp;.</p>\r\n\r\n<p><img alt=\"cach su dung style trong word 2016 13 PNG\" src=\"https://freetuts.net/upload/tut_post/images/2020/02/28/2212/cach-su-dung-style-trong-word-2016-13.PNG\" /></p>\r\n\r\n<p><strong>Bước 4:&nbsp;</strong>Style mới sẽ được áp dụng cho văn bản đang được chọn. Nó cũng sẽ xuất hiện trong nhóm Styles.</p>\r\n\r\n<p><img alt=\"cach su dung style trong word 2016 14 PNG\" src=\"https://freetuts.net/upload/tut_post/images/2020/02/28/2212/cach-su-dung-style-trong-word-2016-14.PNG\" /></p>\r\n\r\n<p>Advertisement</p>\r\n\r\n<p>Trên đây là cách để tạo và sử dụng Style trong Word 2016 để giúp các bạn có thể định dạng cho văn bản của mình một cách nhanh chóng. Chúc các bạn thành công!</p>\r\n','Trong bài biết này, mình sẽ hướng dẫn các bạn cách sử dụng tính năng Style trong Word 2016 với các thao tác cơ bản như: Cách áp dụng Style cho một văn bản, cách áp dụng một bộ Style, cách thay đổi và tạo Style mới.\r\n\r\nKhi làm việc với những tài liệu dài nhiều trang trong Word thì việc sử dụng tính năng Styls để định dạng nhanh tài liệu một cách nhanh chóng và chuyên nghiệp là rất cần thiết. Style có thể giúp các bạn tạo mục lục tự động một cách nhanh chóng, định dạng văn bản với phông chữ, màu sắc và kích thước theo chuẩn nhất định. Vậy làm sao để tạo và sử dụng Style trong Word 2016 hiệu quả, hãy theo dõi bài viết dưới đây để được hướng dẫn chi tiết từng bước nhé!',1,NULL,'POST',NULL,'cach-su-dung-style-trong-word-2016',1,'/CKFinderJava/userfiles/images/thu-thuat-word_330x220.jpg','Cách sử dụng Style trong Word 2016',NULL,'76f301ca-9517-4c00-a1ac-f76f9d2c1e75'),('a10c421d-02ef-4584-9a39-dd980e342bb6','2021-06-09 18:49:59','2021-06-09 18:50:31','<h2>1. Photoshop là gì?</h2>\r\n\r\n<p><img alt=\"photoshop la gi jpg\" src=\"https://freetuts.net/upload/tut_post/images/2020/10/19/3184/photoshop-la-gi.jpg\" /></p>\r\n\r\n<p>Adobe Photoshop là phần mềm thiết kế và chỉnh sửa hình ảnh được sử dụng trên máy tính Windows hoặc MacOS. Photoshop cung cấp cho người dùng tính năng tạo và chỉnh sửa hình ảnh, thiết kế ra những tác phẩm nghệ thuật và hình minh họa, thay đổi hình nền, mô phỏng một bức tranh ngoài đời thực đều có thể được thực hiện bởi Photoshop.</p>\r\n\r\n<p>Photoshop là công cụ dùng để chỉnh sửa ảnh phổ biến nhất, bởi các thao tác với hình ảnh khá đơn giản, có khả năng chỉnh sửa nhiều định dạng file ảnh và video khác nhau. Các công cụ trong Photoshop giúp bạn có thể chỉnh sửa các hình ảnh riêng lẻ cũng như hàng loạt ảnh.</p>\r\n\r\n<blockquote>\r\n<h3>PTS là gì?</h3>\r\n\r\n<p>Đây là chữ viết tắt của phần mềm Photoshop, vì vậy nếu bạn gặp thuật ngữ này khi lướt trên internet thì người ta đang ám chỉ đến phần mềm thiết kế rất nổi tiếng này của hãng Adobe đấy.</p>\r\n\r\n<p>Ngoài ra, cụm từ này còn viết tắt cho các thuật ngữ sau:</p>\r\n\r\n<ul>\r\n	<li>Points</li>\r\n	<li>Practical Test Standards</li>\r\n	<li>Parts</li>\r\n	<li>...</li>\r\n</ul>\r\n</blockquote>\r\n\r\n<h2>2. Những phiên bản của Photoshop</h2>\r\n\r\n<p>Photoshop có nhiều phiên bản như:&nbsp;<em>Photoshop CC</em>,&nbsp;<em>Photoshop Elements</em>,&nbsp;<em>Photoshop Lightroom</em>&nbsp;và&nbsp;<em>Photoshop Express</em>, một phiên bản rút gọn của Photoshop dành cho iOS.</p>\r\n\r\n<p>Photoshop là một công cụ quan trọng của các nhà thiết kế (<em>designers</em>), các nhà phát triển web (<em>web developers</em>), nghệ sĩ đồ họa (<em>graphic artists</em>), nhiếp ảnh gia (<em>photographers</em>), và những nhà sáng tạo nội dung khác. Họ sử dụng Photoshop để chỉnh sửa lại hình ảnh, cắt bỏ hoặc làm rõ những vị trí trong hình ảnh không được rõ ràng. Còn những nhà thiết kế web thì sử dụng Photoshop để xây dựng giao diện website, xây dựng hình ảnh banner vả ảnh nội dung trong các bài đăng.</p>\r\n\r\n<p>Advertisement</p>\r\n\r\n<h2>3. Học Photoshop sau này làm gì?</h2>\r\n\r\n<p>Nếu bạn học xong Photoshop và trở thành một nhà thiết kế chuyên nghiệp thì có rất nhiều công việc dành cho bạn đấy. Chẳng hạn như:</p>\r\n\r\n<ul>\r\n	<li>Trở thành nhà thiết kế giao diện website.</li>\r\n	<li>Làm trong các công ty chuyên về thiết kế, in ấn, quảng cáo.</li>\r\n	<li>Mở tiệm thiết kế riêng, chụp ảnh chân dung nghệ thuật.</li>\r\n	<li>Làm trong các công ty sáng tạo, kết hợp thêm các phần mềm khác như&nbsp;<a href=\"https://freetuts.net/tai-adobe-after-effects-cc-2020-2900.html\" target=\"_blank\">After Effect</a>,&nbsp;<a href=\"https://freetuts.net/download-adobe-illustrator-cc-2021-3279.html\" target=\"_blank\">Adobe Illustrator</a>&nbsp;(AI), v.v để trở thành một nhà thiết kế chuyên nghiệp, nhận mức lương cao.</li>\r\n</ul>\r\n\r\n<p>Cơ bản ngành thiết kế đồ họa rất tiềm năng, vì vậy bạn sẽ không lo thiếu việc nếu thực sự giỏi.</p>\r\n\r\n<h2>4. Những ai nên sử dụng Photoshop</h2>\r\n\r\n<p>Như mình đã nói ở trên, chức năng chính của công cụ Photoshop là tạo và chỉnh sửa hình ảnh, vì vậy tất cả những ai có nhu cầu về thiết kế đồ họa thì đều có thể sử dụng phần mềm này.</p>\r\n\r\n<p>Đương nhiên để học được nó thì bạn phải trải qua một giai đoạn tích lũy kinh nghiệm lâu dài, kiến thức đồ họa căn bản của bạn phải tốt thì mới làm ra được những sản phẩm chất lượng.</p>\r\n\r\n<p>Tóm lại, Photoshop dành cho một số đối tượng chính như sau:</p>\r\n\r\n<ul>\r\n	<li>Nhà thiết kế web, sử dụng Photoshop để xây dựng giao diện web.</li>\r\n	<li>Nhà thiết kế in ấn, sử dụng Photoshop để tạo ra những ấn phẩm, poster, banner ...</li>\r\n	<li>Thợ chụp hình và phục hồi ảnh cũ, đối tượng này không thể thiếu Photoshop.</li>\r\n	<li>Nhà thiết kế đồ họa chuyên nghiệp, có thể sử dụng Photoshop để kết hợp với những công cụ chỉnh sửa ảnh khác.</li>\r\n	<li>Người thiết kế không chuyên, bạn có thể học Photoshop ở mức cơ bản nhất để phục vụ cho công việc của mình.</li>\r\n</ul>\r\n\r\n<p>Hoặc xét theo nhu cầu thì bạn nên sử dụng Photoshop nếu:</p>\r\n\r\n<ul>\r\n	<li>Chỉnh sửa hình ảnh có sẵn</li>\r\n	<li>Tạo ra hình ảnh thiết kế riêng theo nhu cầu cá nhân</li>\r\n	<li>Tạo các banner, poster, hình ảnh quảng cáo và in ấn</li>\r\n	<li>Phục hồi ảnh cũ, nâng cao chất lượng hình ảnh, nén hình ảnh, v.v và nhiều nhu cầu khác liên quan đến thiết kế / chỉnh sửa hình ảnh</li>\r\n</ul>\r\n\r\n<p>Qua đây bạn đã hiểu Adobe Photoshop là gì rồi phải không nào? Nếu bạn đang muốn học nó thì hãy qua bài học tiếp theo trong series Photoshop căn bản này nhé.</p>\r\n','Bạn có biết Photoshop là gì không? Nếu không thì hãy cùng mình tìm hiểu sơ lược qua phần mềm thiết kế đồ họa bật nhất này nhé.\r\n\r\nMỗi khi nói đến thiết kế đồ họa thì ai cũng nghĩ tới Photoshop, đó là điều hiển nhiên bởi đây là phần mềm rất mạnh, phát triển lâu đời nên đã đi sâu vào lòng của mỗi người. Đương nhiên không phải nó là mạnh nhất, mà tùy vào lĩnh vực mà sẽ có những phần mềm thiết kế riêng để đáp ứng đúng với nhu cầu của ngành đó.',1,NULL,'POST',NULL,'photoshop-la-gi-hoc-photoshop-sau-nay-lam-cong-viec-gi',1,'/CKFinderJava/userfiles/images/photoshop-la-gi.jpg','Photoshop là gì? Học Photoshop sau này làm công việc gì?',NULL,'7b64c77e-2643-4399-89aa-544c61fe2403'),('a413006d-2a6a-4298-ba15-6b3a70ab646c','2021-06-09 19:07:41','2021-06-09 19:07:41','','Đây là khóa học \"Thiết kế hiệu ứng với Javascript và illustrator\", bạn sẽ được học online trên website fedu.vn, thuộc chuyên mục khóa học lập trình.\r\n\r\nBạn có thể tham khảo đề cương khóa học ở phần nội dung khóa học, hoặc truy cập vào link gốc mà mình đã cung cấp dưới đây.',1,NULL,'COURSE','620cbaef-26ef-486b-b6b3-e870c6208050','combo-thiet-ke-hieu-ung-voi-javascript-va-illustrator-3',1,'/CKFinderJava/userfiles/images/thiet-ke-website-1.jpg','Combo thiết kế hiệu ứng với Javascript và illustrator 3',NULL,'8cb2d870-439b-43ff-b9b8-445d304ff909'),('ad3f94da-c3a3-405f-85de-1f6462287df4','2021-06-09 18:58:01','2021-06-09 18:58:01','<h2>1. Download và cài đặt JDK.</h2>\r\n\r\n<p>Đầu tiên, chúng ta vào&nbsp;<strong>trang chủ của Oracle</strong>&nbsp;để tiến hành tải về&nbsp;<strong>JDK</strong>:&nbsp;<a href=\"http://www.oracle.com/technetwork/java/javase/downloads/index.html\" target=\"_blank\">http://www.oracle.com/technetwork/java/javase/downloads/index.html</a>.</p>\r\n\r\n<p>Advertisement</p>\r\n\r\n<p><img alt=\"download jdk PNG\" src=\"https://freetuts.net/upload/tut_post/images/2017/09/11/1024/download-jdk.PNG\" /></p>\r\n\r\n<p>Tại đây, tùy thuộc vào máy tính của bạn cài hệ điều hành Windows 32 bit hay 64 bit mà bạn chọn phiên bản cho phù hợp. Trước tiên bạn cần chọn vào mục&nbsp;<strong>Accept License Agreement&nbsp;</strong>và sau đó tiến hành chọn phiên bản JDK phù hợp:</p>\r\n\r\n<p><img alt=\"download jdk version PNG\" src=\"https://freetuts.net/upload/tut_post/images/2017/09/11/1024/download-jdk-version.PNG\" /></p>\r\n\r\n<p>Sau đó, chúng ta chọn ổ đĩa để lưu file JDK. Kết quả sau khi tải về như sau:</p>\r\n\r\n<p><img alt=\"jdk file PNG\" src=\"https://freetuts.net/upload/tut_post/images/2017/09/11/1024/jdk-file.PNG\" /></p>\r\n\r\n<p>Đến đây, chúng ta đã hoàn thành bước tải về. Bây giờ, chúng ta sẽ tiến hành cài đặt JDK thông qua trình tự như sau:</p>\r\n\r\n<p>Advertisement</p>\r\n\r\n<p><strong>Bước 1</strong>: Kích chuột phải vào file JDK vừa tải về và chọn Open hoặc chúng ta có thể nhấp đôi chuột vào file này để mở file cài đặt lên.</p>\r\n\r\n<p><strong>Bước 2</strong>: Chọn Next:</p>\r\n\r\n<p><img alt=\"cai dat 1 PNG\" src=\"https://freetuts.net/upload/tut_post/images/2017/09/11/1024/cai-dat-1.PNG\" /></p>\r\n\r\n<p><strong>Bước 3</strong>: Chọn Change để thay đổi thư mục cài đặt. Nếu không cần thay đổi, chúng ta chọn Next để tiếp tục:</p>\r\n\r\n<p><img alt=\"cai dat 2 PNG\" src=\"https://freetuts.net/upload/tut_post/images/2017/09/11/1024/cai-dat-2.PNG\" /></p>\r\n\r\n<p><strong>Bước 4</strong>: Chờ đến khi quá trình cài đặt diễn ra hoàn tất.</p>\r\n\r\n<p><img alt=\"cai dat 3 PNG\" src=\"https://freetuts.net/upload/tut_post/images/2017/09/11/1024/cai-dat-3.PNG\" /></p>\r\n\r\n<p>Nếu bạn cần thay đổi thư mục cài đặt JRE (<em>Java Runtime Environment</em>) thì chọn vào Change, còn không thì chúng ta chọn Next:</p>\r\n\r\n<p><img alt=\"cai dat 4 PNG\" src=\"https://freetuts.net/upload/tut_post/images/2017/09/11/1024/cai-dat-4.PNG\" /></p>\r\n\r\n<p>Quá trình cài đặt tiếp tục diễn ra. Chúng ta chờ đến khi nó hoàn thành và nhấn Close để kết thúc.</p>\r\n\r\n<p><img alt=\"cai dat 6 PNG\" src=\"https://freetuts.net/upload/tut_post/images/2017/09/11/1024/cai-dat-6.PNG\" /></p>\r\n\r\n<p>Tới đây quá trình cài đặt đã kết thúc.</p>\r\n\r\n<h2>2. Thiết lập biến môi trường và cấu hình cho Java.</h2>\r\n\r\n<p>Trong bài này, tôi sẽ hướng dẫn các bạn cách thiết lập biến môi trường cho&nbsp;<strong>Java</strong>&nbsp;trên hệ điều hành Windows 10. Các phiên bản hệ điều hành còn lại các bạn có thể làm tương tự.</p>\r\n\r\n<p>Advertisement</p>\r\n\r\n<p>Đầu tiên, chúng ta nhấn chuột phải vào biểu tượng&nbsp;<strong>ThisPC&nbsp;</strong>(<em>hoặc MyComputer</em>) chọn Properties.</p>\r\n\r\n<p><img alt=\"cau hinh 1 png\" src=\"https://freetuts.net/upload/tut_post/images/2017/09/11/1024/cau-hinh-1.png\" />​</p>\r\n\r\n<p>Màn hình&nbsp;<strong>System&nbsp;</strong>hiển thị, chúng ta chọn<em>&nbsp;</em><strong>Advanced system settings</strong>.</p>\r\n\r\n<p><img alt=\"cau hinh 2 png\" src=\"https://freetuts.net/upload/tut_post/images/2017/09/11/1024/cau-hinh-2.png\" /></p>\r\n\r\n<p>Hộp thoại&nbsp;<strong>System Properties</strong>&nbsp;xuất hiện, bạn chọn vào<em>&nbsp;</em><strong>Environment Variables</strong>:</p>\r\n\r\n<p><img alt=\"cau hinh 3 png\" src=\"https://freetuts.net/upload/tut_post/images/2017/09/11/1024/cau-hinh-3.png\" /></p>\r\n\r\n<p>Trong hộp thoại<em>&nbsp;</em><strong>Environment Variables</strong>, chúng ta vào phần&nbsp;<strong>System variables&nbsp;</strong>và chọn&nbsp;<strong>New</strong>:</p>\r\n\r\n<p><img alt=\"cau hinh 4 png\" src=\"https://freetuts.net/upload/tut_post/images/2017/09/11/1024/cau-hinh-4.png\" /></p>\r\n\r\n<p>Trong hộp thoại<strong>&nbsp;New System Variable</strong>, chúng ta điền vào ô&nbsp;<strong>Variable name&nbsp;</strong>là&nbsp;<strong>JAVA_HOME</strong>, còn trong ô&nbsp;<strong>Variable value</strong>&nbsp;chúng ta nhấn vào nút&nbsp;<strong>Browser Directory</strong>&nbsp;và trỏ tới đường dẫn cài đặt thư mục JDK. Nhấn&nbsp;<em>OK&nbsp;</em>để hoàn tất việc đặt tên biến môi trường.</p>\r\n\r\n<p><img alt=\"cau hinh 5 2 PNG\" src=\"https://freetuts.net/upload/tut_post/images/2017/09/11/1024/cau-hinh-5_2.PNG\" /></p>\r\n\r\n<p>Advertisement</p>\r\n\r\n<p>Tiếp theo, cũng trong phần System variables, chúng ta tiến hành sửa đổi biến môi trường&nbsp;<strong>Path&nbsp;</strong>như sau: Kích chuột vào dòng&nbsp;<strong>Path&nbsp;</strong>và chọn&nbsp;<strong>Edit</strong>. Hộp thoại<strong>&nbsp;Edit environment variable</strong>&nbsp;xuất hiện, chúng ta nhấn chuột vào nút&nbsp;<strong>New&nbsp;</strong>và điền vào dòng sau:<em>&nbsp;</em><strong>%JAVA_HOME%\\bin</strong><em>;</em>, nhấn OK để kết thúc.</p>\r\n\r\n<p>Để biết được quá trình cấu hình và cài đặt biến môi trường thành công hay chưa, bạn gõ tổ hợp phím&nbsp;<strong>Windows + R</strong>, hộp thoại Run sẽ xuất hiện, bạn nhập vào&nbsp;<strong>cmd&nbsp;</strong>ở dòng&nbsp;<strong>Run</strong><em>.&nbsp;</em>Màn hình Command Prompt xuất hiện, bạn nhập vào dòng sau:<strong>&nbsp;java -version.&nbsp;</strong>Nếu chúng ta cấu hình thành công thì sẽ có kết quả như sau:</p>\r\n\r\n<p><img alt=\"cau hinh 7 png\" src=\"https://freetuts.net/upload/tut_post/images/2017/09/11/1024/cau-hinh-7.png\" /></p>\r\n\r\n<h2>3. Lời kết.</h2>\r\n\r\n<p>Trong bài này, tôi đã hướng dẫn các bạn cách cài đặt, cấu hình và thiết lập biến môi trường cho Java. Đây là một bài rất quan trọng, là bước mở đầu rất cần thiết để tiến hành lập trình với Java nên các bạn cố gắng làm được phần này. Sang bài sau, tôi sẽ hướng dẫn các bạn cách cài đặt và cấu hình Eclipse - công cụ lập trình với Java rất phổ biến và được nhiều lập trình viên sử dụng. Các bạn cố gắng theo dõi nhé!</p>\r\n','Ở bài trước, chúng ta đã tìm hiểu những khái niệm tổng quan, đặc điểm về ngôn ngữ lập trình Java. Trong bài này, tôi sẽ hướng dẫn chi tiết cách cài đặt và cấu hình môi trường JDK (Java Development Kit) để lập trình Java trên hệ điều hành Windows. Đây là một bài khá quan trọng vì khi chúng ta muốn lập trình với bất kỳ loại ngôn ngữ nào thì trước tiên chúng ta cần phải cài đặt đầy đủ và cấu hình các yếu tố cần thiết mà ngôn ngữ đó yêu cầu.',1,NULL,'LESSON',NULL,'huong-dan-cai-đat,-cau-hinh-va-thiet-lap-bien-moi-truong-cho-java',1,'/CKFinderJava/userfiles/images/thiet-ke-website-1.jpg','Hướng dẫn cài đặt, cấu hình và thiết lập biến môi trường cho Java',NULL,'35a56325-582f-4402-b81d-94e8769a2916'),('b816a133-fe59-4d9d-b49c-7643151f468d','2021-06-09 18:54:29','2021-06-09 18:54:29','','Đây là khóa học \"Thiết kế hiệu ứng với Javascript và illustrator\", bạn sẽ được học online trên website fedu.vn, thuộc chuyên mục khóa học lập trình',1,NULL,'COURSE','4709d6a8-7ffe-432b-ba18-8c4983165cc2','thiet-ke-hieu-ung-voi-javascript-va-illustrator-6',1,'/CKFinderJava/userfiles/files/thiet-ke-hieu-ung.jpg','Thiết kế hiệu ứng với Javascript và illustrator 6',NULL,'418028f7-f96f-4bf9-9287-d3a251befe57'),('bb7396e2-106a-40ba-aeb0-ef95456cac98','2021-06-09 18:38:00','2021-06-09 18:38:00',NULL,NULL,1,NULL,'CATEGORY','a00b6422-14ee-4441-b08c-8d33fd2e72e3',NULL,NULL,NULL,NULL,'USUAL',NULL),('bc1f67e7-73cf-4580-a586-ccc540d85574','2021-06-09 18:40:31','2021-06-09 18:40:31',NULL,NULL,1,NULL,'CATEGORY','8cb2d870-439b-43ff-b9b8-445d304ff909',NULL,NULL,NULL,NULL,'USUAL',NULL),('bcdd0177-33e6-419e-aa64-0247d460138b','2021-06-09 18:53:12','2021-06-09 18:53:12','','',1,NULL,'COURSE','fcf72fda-622e-4558-b3d8-441feb89af08','thiet-ke-hieu-ung-voi-javascript-va-illustrator-3',1,'/CKFinderJava/userfiles/files/thiet-ke-hieu-ung.jpg','Thiết kế hiệu ứng với Javascript và illustrator 3',NULL,'8cb2d870-439b-43ff-b9b8-445d304ff909'),('c7b2b3c8-1621-4402-a859-994416009036','2021-06-09 18:47:02','2021-06-09 18:47:02','<h2>Cách sử dụng Mail Merge - trộn thư trong Word 2016</h2>\r\n\r\n<p>Để sử dụng Mail Merge - trộn thư trong Word 2016, bạn hãy thực hiện lần lượt theo các bước sau:</p>\r\n\r\n<p><strong>Bước 1:&nbsp;</strong>Đầu tiên, bản hãy mở một tài liệu Word hiện có hoặc tạo một tài liệu mới.</p>\r\n\r\n<p><strong>Bước 2:&nbsp;</strong>Tiếp theo, từ tab&nbsp;<strong>Mailings</strong>&nbsp;(<em>Thư</em>), bạn hãy nhấp vào lệnh&nbsp;<strong>Start Mail Merge</strong>&nbsp;(<em>Bắt đầu trộn thư</em>) và chọn&nbsp;<strong>Step-by-Step Mail Merge Wizard</strong>&nbsp;(<em>trộn thư từng bước</em>) từ menu thả xuống.</p>\r\n\r\n<p><img alt=\"cach su dung mail merge trong word 2016 650x350 PNG\" src=\"https://freetuts.net/upload/tut_post/images/2020/02/29/2224/cach-su-dung-mail-merge-trong-word-2016_650x350.PNG\" /></p>\r\n\r\n<p><strong>Bước 3:&nbsp;</strong>Lúc này, hộp Mail Merge sẽ xuất hiện, bạn hãy chọn loại tài liệu bạn muốn tạo từ ngăn tác vụ Mail Merge ở phía bên phải cửa sổ Word. Trong ví dụ này, mình sẽ chọn&nbsp;<strong>Letters</strong>. Sau đó nhấp vào&nbsp;<strong>Next: Starting document</strong>&nbsp;(<em>Tiếp theo: Khởi động tài liệu</em>) để chuyển sang bước 4.</p>\r\n\r\n<p><img alt=\"cach su dung mail merge trong word 2016 1 PNG\" src=\"https://freetuts.net/upload/tut_post/images/2020/02/29/2224/cach-su-dung-mail-merge-trong-word-2016-1.PNG\" /></p>\r\n\r\n<p><strong>Bước 4:&nbsp;</strong>Bạn chọn tiếp&nbsp;<strong>Use the current document</strong>&nbsp;(<em>Sử dụng tài liệu hiện tại</em>), sau đó nhấp vào&nbsp;<strong>Next: Select recipients</strong>&nbsp;(<em>Tiếp theo: Chọn người nhận</em>) để chuyển sang bước tiếp theo.</p>\r\n\r\n<p><img alt=\"cach su dung mail merge trong word 2016 2 PNG\" src=\"https://freetuts.net/upload/tut_post/images/2020/02/29/2224/cach-su-dung-mail-merge-trong-word-2016-2.PNG\" /></p>\r\n\r\n<p>Advertisement</p>\r\n\r\n<p>Bây giờ bạn sẽ cần một danh sách địa chỉ để Word có thể tự động đặt từng địa chỉ vào tài liệu. Danh sách có thể nằm trong một tệp hiện có, chẳng hạn như sổ làm việc Excel hoặc bạn có thể nhập danh sách địa chỉ mới từ trong Mail Merge Wizard (<em>Trình hướng dẫn trộn thư</em>).</p>\r\n\r\n<p><strong>Bước 5:</strong>&nbsp;Chọn<strong>&nbsp;Use an existing list</strong>&nbsp;(<em>Sử dụng danh sách hiện có</em>), sau đó bấm&nbsp;<strong>Browse&nbsp;</strong>(<em>Duyệt</em>) để chọn tệp.</p>\r\n\r\n<p><img alt=\"cach su dung mail merge trong word 2016 3 PNG\" src=\"https://freetuts.net/upload/tut_post/images/2020/02/29/2224/cach-su-dung-mail-merge-trong-word-2016-3.PNG\" /></p>\r\n\r\n<p><strong>Bước 6:&nbsp;</strong>Xác định vị trí tệp của bạn, sau đó nhấp vào&nbsp;<strong>Open&nbsp;</strong>(<em>Mở</em>).</p>\r\n\r\n<p><img alt=\"cach su dung mail merge trong word 2016 4 650x346 PNG\" src=\"https://freetuts.net/upload/tut_post/images/2020/02/29/2224/cach-su-dung-mail-merge-trong-word-2016-4_650x346.PNG\" /></p>\r\n\r\n<p><strong>Bước 7:</strong>&nbsp;Nếu danh sách địa chỉ nằm trong sổ làm việc Excel, bạn hãy chọn&nbsp;<strong>work</strong><strong>sheet</strong>, sau đó bấm<strong>&nbsp;OK</strong>&nbsp;.</p>\r\n\r\n<p><img alt=\"cach su dung mail merge trong word 2016 5 PNG\" src=\"https://freetuts.net/upload/tut_post/images/2020/02/29/2224/cach-su-dung-mail-merge-trong-word-2016-5.PNG\" /></p>\r\n\r\n<p><strong>Bước 8:&nbsp;</strong>Tiếp đến, trong hộp thoại&nbsp;<strong>Merge Recipients</strong>&nbsp;(<em>Hộp thư thoại</em>), bạn có thể kiểm tra hoặc bỏ chọn mỗi hộp để kiểm soát những người nhận được bao gồm trong hợp nhất. Theo mặc định, tất cả người nhận phải được chọn. Khi bạn đã hoàn tất, nhấp&nbsp;<strong>OK&nbsp;</strong>.</p>\r\n\r\n<p><img alt=\"cach su dung mail merge trong word 2016 6 650x481 PNG\" src=\"https://freetuts.net/upload/tut_post/images/2020/02/29/2224/cach-su-dung-mail-merge-trong-word-2016-6_650x481.PNG\" /></p>\r\n\r\n<p><strong>Bước 9:</strong>&nbsp;Tiến hành bấm chọn vào&nbsp;<strong>Next: Write your lette</strong>r (<em>Tiếp theo: Viết thư của bạn</em>). Bây giờ bạn đã sẵn sàng để viết thư của bạn. Khi được in, mỗi bản sao của bức thư về cơ bản sẽ giống nhau; chỉ dữ liệu người nhận (<em>chẳng hạn như tên và địa chỉ</em>&nbsp;) sẽ khác nhau. Bạn sẽ cần thêm trình giữ chỗ cho dữ liệu người nhận để Mail Merge biết chính xác nơi cần thêm dữ liệu.</p>\r\n\r\n<p><img alt=\"cach su dung mail merge trong word 2016 7 PNG\" src=\"https://freetuts.net/upload/tut_post/images/2020/02/29/2224/cach-su-dung-mail-merge-trong-word-2016-7.PNG\" /></p>\r\n\r\n<p><strong>​Lưu ý:</strong>&nbsp;Nếu bạn không có danh sách địa chỉ hiện có, bạn có thể nhấp vào nút&nbsp;<strong>Type a new list</strong>&nbsp;(<em>Nhập danh sách mới</em>) và nhấp vào&nbsp;<strong>Create</strong>&nbsp;(<em>Tạo</em>), sau đó nhập danh sách địa chỉ của bạn theo cách thủ công.</p>\r\n\r\n<p><strong>Bước 10:</strong>&nbsp;Tiếp theo bạn cần chèn dữ liệu người nhận bằng cách đặt điểm chèn vào tài liệu nơi bạn muốn thông tin xuất hiện.</p>\r\n\r\n<p>Advertisement</p>\r\n\r\n<p><img alt=\"cach su dung mail merge trong word 2016 8 650x375 PNG\" src=\"https://freetuts.net/upload/tut_post/images/2020/02/29/2224/cach-su-dung-mail-merge-trong-word-2016-8_650x375.PNG\" /></p>\r\n\r\n<p><strong>Bước 11:</strong>&nbsp;Tiến hành chọn một trong các tùy chọn giữ chỗ (<em>placeholder</em>). Trong ví dụ này, mình sẽ chọn&nbsp;<strong>Address block</strong>&nbsp;(<em>chặn địa chỉ</em>).</p>\r\n\r\n<p><img alt=\"cach su dung mail merge trong word 2016 9 PNG\" src=\"https://freetuts.net/upload/tut_post/images/2020/02/29/2224/cach-su-dung-mail-merge-trong-word-2016-9.PNG\" /></p>\r\n\r\n<p><strong>Bước 12:&nbsp;</strong>Tùy thuộc vào lựa chọn của bạn, một hộp thoại có thể xuất hiện với các tùy chọn tùy chỉnh khác nhau. Chọn các tùy chọn mong muốn, sau đó bấm&nbsp;<strong>OK.</strong></p>\r\n\r\n<p><strong><img alt=\"cach su dung mail merge trong word 2016 10 650x337 PNG\" src=\"https://freetuts.net/upload/tut_post/images/2020/02/29/2224/cach-su-dung-mail-merge-trong-word-2016-10_650x337.PNG\" /></strong></p>\r\n\r\n<p><strong>Bước 13:</strong>&nbsp;Một trình giữ chỗ sẽ xuất hiện trong tài liệu của bạn (<em>ví dụ: «AddressBlock»</em>).</p>\r\n\r\n<p><img alt=\"cach su dung mail merge trong word 2016 11 650x359 PNG\" src=\"https://freetuts.net/upload/tut_post/images/2020/02/29/2224/cach-su-dung-mail-merge-trong-word-2016-11_650x359.PNG\" /></p>\r\n\r\n<p><strong>Bước 14:&nbsp;</strong>Thêm bất kỳ giữ chỗ nào bạn muốn. Trong ví dụ, mình sẽ thêm một trình giữ chỗ ở dòng&nbsp;<strong>Greeting line</strong>&nbsp;(<em>Lời chào</em>) ngay phía trên phần thân của bức thư.</p>\r\n\r\n<p><img alt=\"cach su dung mail merge trong word 2016 12 650x378 PNG\" src=\"https://freetuts.net/upload/tut_post/images/2020/02/29/2224/cach-su-dung-mail-merge-trong-word-2016-12_650x378.PNG\" /></p>\r\n\r\n<p><strong>Bước 15:</strong>&nbsp;Sau khi bạn đã hoàn tất, nhấp&nbsp;<strong>Next: Preview your letters</strong>&nbsp;(<em>Tiếp theo: Xem trước thư của bạn</em>) như hình bên dưới.</p>\r\n\r\n<p>Advertisement</p>\r\n\r\n<p><img alt=\"cach su dung mail merge trong word 2016 13 PNG\" src=\"https://freetuts.net/upload/tut_post/images/2020/02/29/2224/cach-su-dung-mail-merge-trong-word-2016-13.PNG\" /></p>\r\n\r\n<p><strong>Lưu ý:</strong>&nbsp;Đối với một số bức thư, bạn chỉ cần thêm một&nbsp;<strong>Address block</strong>&nbsp;(<em>Địa chỉ khóa</em>) và&nbsp;<strong>Greeting line</strong>&nbsp;(<em>dòng Lời chào</em>). Nhưng bạn cũng có thể thêm nhiều trình giữ chỗ hơn (<em>như tên hoặc địa chỉ của người nhận</em>) trong phần thân của bức thư để cá nhân hóa nó hơn nữa.</p>\r\n\r\n<p><strong>Bước 16:</strong>&nbsp;Xem trước bức thư để đảm bảo thông tin từ danh sách người nhận xuất hiện chính xác trong bức thư. Bạn có thể sử dụng mũi tên cuộn trái và phải để xem từng phiên bản của tài liệu.</p>\r\n\r\n<p><img alt=\"cach su dung mail merge trong word 2016 14 650x379 PNG\" src=\"https://freetuts.net/upload/tut_post/images/2020/02/29/2224/cach-su-dung-mail-merge-trong-word-2016-14_650x379.PNG\" /></p>\r\n\r\n<p><strong>Bước 17:&nbsp;</strong>Nếu bạn thấy mọi thứ có vẻ chính xác, hãy nhấp vào<strong>&nbsp;Next: Complete the merge</strong>&nbsp;(<em>Tiếp theo: Hoàn thành hợp nhất</em>).</p>\r\n\r\n<p><img alt=\"cach su dung mail merge trong word 2016 15 PNG\" src=\"https://freetuts.net/upload/tut_post/images/2020/02/29/2224/cach-su-dung-mail-merge-trong-word-2016-15.PNG\" /></p>\r\n\r\n<p><strong>Bước 18:</strong>&nbsp;Sau khi đã hoàn thành hợp nhất, bạn tiến hành in thư bằng cách bấm&nbsp;<strong>Print</strong>&nbsp;(<em>In</em>).</p>\r\n\r\n<p><img alt=\"cach su dung mail merge trong word 2016 16 PNG\" src=\"https://freetuts.net/upload/tut_post/images/2020/02/29/2224/cach-su-dung-mail-merge-trong-word-2016-16.PNG\" /></p>\r\n\r\n<p><strong>Bước 19:&nbsp;</strong>Một hộp thoại mới sẽ xuất hiện. Lúc này, bạn hãy quyết định xem bạn muốn in<strong>&nbsp;All</strong>&nbsp;(<em>Tất cả</em>) các thư tài liệu hiện tại hay chỉ một nhóm được chọn, sau đó bấm&nbsp;<strong>OK&nbsp;</strong>. Trong ví dụ của mình, mình sẽ in tất cả các bức thư.</p>\r\n\r\n<p><img alt=\"cach su dung mail merge trong word 2016 17 PNG\" src=\"https://freetuts.net/upload/tut_post/images/2020/02/29/2224/cach-su-dung-mail-merge-trong-word-2016-17.PNG\" /></p>\r\n\r\n<p><strong>Bước 20:&nbsp;</strong>Hộp thoại Print sẽ xuất hiện. Bạn hãy điều chỉnh cài đặt in nếu cần, rồi nhấn<strong>&nbsp;OK</strong>. Các bức thư sẽ được in.</p>\r\n\r\n<p>Advertisement</p>\r\n\r\n<p><img alt=\"cach su dung mail merge trong word 2016 18 650x478 PNG\" src=\"https://freetuts.net/upload/tut_post/images/2020/02/29/2224/cach-su-dung-mail-merge-trong-word-2016-18_650x478.PNG\" /></p>\r\n\r\n<p>Trên đây là tất cả các bước để trộn thư, trộn văn bản (Mail Merge) trong Word 2016. Hy vọng sau bài viết này bạn đã có thể tạo những bức thư để gửi tới nhiều người một cách dễ dàng nhất. Chúc bạn thực hiện thành công!</p>\r\n','Trong bài viết này mình sẽ hướng dẫn các bạn cách sử dụng Mail Merge (trộn thư, trộn văn bản) trong Word 2016 với đầy đủ các bước nhé!\r\n\r\nMail Merge là một tính năng rất hữu ích trong Word, nó có chức năng soạn và in hàng loạt những thư có cùng nội dung nhưng khác nhau ở một vài thông tin như: hợp đồng lao động, thư mời, phiếu cảm ơn, ... một cách rất nhanh chóng. Nếu các bạn chưa biết sử dụng tính năng này thì hãy theo dõi các bước hướng dẫn chi tiết kèm hình ảnh minh họa ngay dưới đây.',1,NULL,'POST',NULL,'cach-su-dung-mail-merge-trong-word-2016',1,'/CKFinderJava/userfiles/images/thu-thuat-word_330x220.jpg','Cách sử dụng Mail Merge trong Word 2016',NULL,'76f301ca-9517-4c00-a1ac-f76f9d2c1e75'),('cb977a7d-b634-47be-994c-b4f35dec1604','2021-06-09 18:25:51','2021-06-09 18:25:51',NULL,NULL,1,NULL,'CATEGORY','6a7318e7-e9dd-4161-a764-efd243b66ef7',NULL,NULL,NULL,NULL,'USUAL',NULL),('d30beaf1-47e8-4de6-8647-01a45a2984a6','2021-06-09 19:08:18','2021-06-09 19:08:18','','Đây là khóa học \"Thiết kế hiệu ứng với Javascript và illustrator\", bạn sẽ được học online trên website fedu.vn, thuộc chuyên mục khóa học lập trình.\r\n\r\nBạn có thể tham khảo đề cương khóa học ở phần nội dung khóa học, hoặc truy cập vào link gốc mà mình đã cung cấp dưới đây.',1,NULL,'COURSE','f90e7d33-3cf6-4951-9a03-0c69605454fc','combo-thiet-ke-hieu-ung-voi-javascript-va-illustrator-5-va-6',1,'/CKFinderJava/userfiles/images/thiet-ke-website-1.jpg','Combo thiết kế hiệu ứng với Javascript và illustrator 5 và 6',NULL,'418028f7-f96f-4bf9-9287-d3a251befe57'),('df50d60c-3e36-4bda-bd6c-7d8fe47c7560','2021-07-27 14:34:57','2021-07-27 14:34:57',NULL,NULL,NULL,NULL,'CATEGORY','65ac6618-c372-4206-94ea-ec3edad870f0',NULL,NULL,NULL,NULL,'TOPIC',NULL),('e3e8932c-e5da-4dde-8329-df9ae165e22e','2021-06-09 18:27:12','2021-06-09 18:27:12',NULL,NULL,1,NULL,'CATEGORY','9e11b9ba-f27a-4b47-a41b-009066c7b4ba',NULL,NULL,NULL,NULL,'TOPIC',NULL),('ed1bdc22-76b8-4f4e-a983-a4155f171dce','2021-06-09 18:34:02','2021-06-09 18:34:02',NULL,NULL,1,NULL,'CATEGORY','7a848bf3-cf97-4308-8b75-e46fbddfc4b0',NULL,NULL,NULL,NULL,'TOPIC',NULL),('f594af93-947b-4d99-8124-93b571a62315','2021-06-09 18:26:33','2021-06-09 18:26:33',NULL,NULL,1,NULL,'CATEGORY','7b22b0a8-9c9e-4749-bcec-4c47a5260c4b',NULL,NULL,NULL,NULL,'TOPIC',NULL),('f8b548ba-3f06-48c7-9366-05dd0a41d622','2021-06-09 18:54:04','2021-06-09 18:54:04','','Đây là khóa học \"Thiết kế hiệu ứng với Javascript và illustrator\", bạn sẽ được học online trên website fedu.vn, thuộc chuyên mục khóa học lập trình',1,NULL,'COURSE','e4bdba2e-d757-43b2-8fb1-bdc8baf56451','thiet-ke-hieu-ung-voi-javascript-va-illustrator-5',1,'/CKFinderJava/userfiles/files/thiet-ke-hieu-ung.jpg','Thiết kế hiệu ứng với Javascript và illustrator 5',NULL,'418028f7-f96f-4bf9-9287-d3a251befe57');
/*!40000 ALTER TABLE `post` ENABLE KEYS */;
UNLOCK TABLES;

--
-- Table structure for table `report`
--

DROP TABLE IF EXISTS `report`;
/*!40101 SET @saved_cs_client     = @@character_set_client */;
/*!50503 SET character_set_client = utf8mb4 */;
CREATE TABLE `report` (
  `id` char(36) NOT NULL,
  `created_at` timestamp NULL DEFAULT NULL,
  `updated_at` timestamp NULL DEFAULT NULL,
  `content` text,
  PRIMARY KEY (`id`)
) ENGINE=InnoDB DEFAULT CHARSET=utf8mb4 COLLATE=utf8mb4_0900_ai_ci;
/*!40101 SET character_set_client = @saved_cs_client */;

--
-- Dumping data for table `report`
--

LOCK TABLES `report` WRITE;
/*!40000 ALTER TABLE `report` DISABLE KEYS */;
INSERT INTO `report` VALUES ('12f3379d-5082-4983-b860-21647e1e6e54','2021-06-09 19:54:27','2021-06-09 19:54:27','Link bài Javascript bị sai'),('48f64c1c-21d6-434d-a39a-a29371ac5958','2021-06-09 18:29:37','2021-06-09 18:29:37','Báo lỗi 1'),('6f429845-0b9f-47bf-b858-41c1c72ceebc','2021-06-09 20:35:04','2021-06-09 20:35:04','lỗi bài học javascrip'),('a5e3e27a-47ee-43a3-b5ef-78ddfd76716d','2021-06-09 18:30:30','2021-06-09 18:30:30','Báo lỗi 2');
/*!40000 ALTER TABLE `report` ENABLE KEYS */;
UNLOCK TABLES;

--
-- Table structure for table `role`
--

DROP TABLE IF EXISTS `role`;
/*!40101 SET @saved_cs_client     = @@character_set_client */;
/*!50503 SET character_set_client = utf8mb4 */;
CREATE TABLE `role` (
  `id` char(36) NOT NULL,
  `created_at` timestamp NULL DEFAULT NULL,
  `updated_at` timestamp NULL DEFAULT NULL,
  `name` varchar(255) DEFAULT NULL,
  PRIMARY KEY (`id`),
  UNIQUE KEY `UK_name` (`name`)
) ENGINE=InnoDB DEFAULT CHARSET=utf8mb4 COLLATE=utf8mb4_0900_ai_ci;
/*!40101 SET character_set_client = @saved_cs_client */;

--
-- Dumping data for table `role`
--

LOCK TABLES `role` WRITE;
/*!40000 ALTER TABLE `role` DISABLE KEYS */;
INSERT INTO `role` VALUES ('28a85ef9-3e93-45c9-a7f7-c4df4b831264','2021-06-09 18:20:09','2021-06-09 18:20:09','ROLE_USER'),('a530f584-a6aa-46ce-87ae-9e831122d8e3','2021-06-09 18:20:09','2021-06-09 18:20:09','ROLE_GUEST'),('e22ec1f5-35c1-4c0c-bcf5-2e2eb5a4170d','2021-06-09 18:20:09','2021-06-09 18:20:09','ROLE_ADMIN');
/*!40000 ALTER TABLE `role` ENABLE KEYS */;
UNLOCK TABLES;

--
-- Table structure for table `user`
--

DROP TABLE IF EXISTS `user`;
/*!40101 SET @saved_cs_client     = @@character_set_client */;
/*!50503 SET character_set_client = utf8mb4 */;
CREATE TABLE `user` (
  `id` char(36) NOT NULL,
  `created_at` timestamp NULL DEFAULT NULL,
  `updated_at` timestamp NULL DEFAULT NULL,
  `full_name` varchar(255) NOT NULL,
  `is_locked` bit(1) NOT NULL,
  `password` varchar(255) NOT NULL,
  `username` varchar(255) NOT NULL,
  `date` date DEFAULT NULL,
  PRIMARY KEY (`id`),
  UNIQUE KEY `UK_username` (`username`)
) ENGINE=InnoDB DEFAULT CHARSET=utf8mb4 COLLATE=utf8mb4_0900_ai_ci;
/*!40101 SET character_set_client = @saved_cs_client */;

--
-- Dumping data for table `user`
--

LOCK TABLES `user` WRITE;
/*!40000 ALTER TABLE `user` DISABLE KEYS */;
INSERT INTO `user` VALUES ('21077325-1122-43ef-9003-5f1a71f228bb','2021-06-09 18:20:10','2021-06-09 18:20:10','user1',_binary '\0','$2a$10$yKYflVXNwyyz/prLzz6b8.j6Px3LLbZDGSUC2QG67kTre0jmQUnTi','user1',NULL),('2911df76-f075-4192-b5f3-b6ec78d5c127','2021-06-09 18:20:10','2021-06-09 18:20:10','user3',_binary '\0','$2a$10$ePiBSkquR5CTOJi9ZzPJvuqD8RUnlWqGaeJkQdl/qKVilQ0xcyfna','user3',NULL),('447b3dec-bbf8-4b3d-95f4-cb21eecdc3fe',NULL,NULL,'Phat Nguyen',_binary '\0','$2y$10$pZE2wpL.syHnKCjPAah8luVxm7ne7SnOtJWEFtwVboZpQZxpN7jwq','user',NULL),('83a5daa0-d164-40b9-92d2-b342e56e05f1','2021-06-09 18:20:11','2021-06-09 18:20:11','user4',_binary '\0','$2a$10$QQTk896LTqwQHzDHuekvq.GynpJlmyHpBKs4rb8nY05tk07eiXDom','user4',NULL),('f3d484a0-dd88-495e-8449-7d285cdb8c0b','2021-06-09 18:20:10','2021-06-09 18:20:10','user2',_binary '\0','$2a$10$rCIXI8mPITD8rHixjWZN3uftKlUsBAZXrjm7nFSIcxrRb./.72lte','user2',NULL);
/*!40000 ALTER TABLE `user` ENABLE KEYS */;
UNLOCK TABLES;

--
-- Table structure for table `users_roles`
--

DROP TABLE IF EXISTS `users_roles`;
/*!40101 SET @saved_cs_client     = @@character_set_client */;
/*!50503 SET character_set_client = utf8mb4 */;
CREATE TABLE `users_roles` (
  `user_id` char(36) NOT NULL,
  `role_id` char(36) NOT NULL,
  PRIMARY KEY (`user_id`,`role_id`),
  CONSTRAINT `FK_user_role` FOREIGN KEY (`user_id`) REFERENCES `user` (`id`)
) ENGINE=InnoDB DEFAULT CHARSET=utf8mb4 COLLATE=utf8mb4_0900_ai_ci;
/*!40101 SET character_set_client = @saved_cs_client */;

--
-- Dumping data for table `users_roles`
--

LOCK TABLES `users_roles` WRITE;
/*!40000 ALTER TABLE `users_roles` DISABLE KEYS */;
INSERT INTO `users_roles` VALUES ('21077325-1122-43ef-9003-5f1a71f228bb','28a85ef9-3e93-45c9-a7f7-c4df4b831264'),('21077325-1122-43ef-9003-5f1a71f228bb','e22ec1f5-35c1-4c0c-bcf5-2e2eb5a4170d'),('2911df76-f075-4192-b5f3-b6ec78d5c127','28a85ef9-3e93-45c9-a7f7-c4df4b831264'),('2911df76-f075-4192-b5f3-b6ec78d5c127','a530f584-a6aa-46ce-87ae-9e831122d8e3'),('2911df76-f075-4192-b5f3-b6ec78d5c127','e22ec1f5-35c1-4c0c-bcf5-2e2eb5a4170d'),('447b3dec-bbf8-4b3d-95f4-cb21eecdc3fe','f60fcd9c-2feb-4ba3-96db-1ec7eeafc37d'),('83a5daa0-d164-40b9-92d2-b342e56e05f1','a530f584-a6aa-46ce-87ae-9e831122d8e3'),('f3d484a0-dd88-495e-8449-7d285cdb8c0b','28a85ef9-3e93-45c9-a7f7-c4df4b831264'),('f3d484a0-dd88-495e-8449-7d285cdb8c0b','e22ec1f5-35c1-4c0c-bcf5-2e2eb5a4170d');
/*!40000 ALTER TABLE `users_roles` ENABLE KEYS */;
UNLOCK TABLES;
/*!40103 SET TIME_ZONE=@OLD_TIME_ZONE */;

/*!40101 SET SQL_MODE=@OLD_SQL_MODE */;
/*!40014 SET FOREIGN_KEY_CHECKS=@OLD_FOREIGN_KEY_CHECKS */;
/*!40014 SET UNIQUE_CHECKS=@OLD_UNIQUE_CHECKS */;
/*!40101 SET CHARACTER_SET_CLIENT=@OLD_CHARACTER_SET_CLIENT */;
/*!40101 SET CHARACTER_SET_RESULTS=@OLD_CHARACTER_SET_RESULTS */;
/*!40101 SET COLLATION_CONNECTION=@OLD_COLLATION_CONNECTION */;
/*!40111 SET SQL_NOTES=@OLD_SQL_NOTES */;

-- Dump completed on 2021-10-15 11:25:13
